database,relative_path,file_name,full_path,id_name
STS-Tooth,STS-3D-Tooth/Integrity/Labeled/Image/,Integrity_L_001.nii.gz,/home/vlab/Documents/Collections/Dental/STS-Tooth/STS-3D-Tooth/Integrity/Labeled/Image/Integrity_L_001.nii.gz,STS-Tooth_Integrity_L_001
STS-Tooth,STS-3D-Tooth/Integrity/Labeled/Image/,Integrity_L_002.nii.gz,/home/vlab/Documents/Collections/Dental/STS-Tooth/STS-3D-Tooth/Integrity/Labeled/Image/Integrity_L_002.nii.gz,STS-Tooth_Integrity_L_002
STS-Tooth,STS-3D-Tooth/Integrity/Labeled/Image/,Integrity_L_003.nii.gz,/home/vlab/Documents/Collections/Dental/STS-Tooth/STS-3D-Tooth/Integrity/Labeled/Image/Integrity_L_003.nii.gz,STS-Tooth_Integrity_L_003
STS-Tooth,STS-3D-Tooth/Integrity/Labeled/Image/,Integrity_L_004.nii.gz,/home/vlab/Documents/Collections/Dental/STS-Tooth/STS-3D-Tooth/Integrity/Labeled/Image/Integrity_L_004.nii.gz,STS-Tooth_Integrity_L_004
STS-Tooth,STS-3D-Tooth/Integrity/Labeled/Image/,Integrity_L_005.nii.gz,/home/vlab/Documents/Collections/Dental/STS-Tooth/STS-3D-Tooth/Integrity/Labeled/Image/Integrity_L_005.nii.gz,STS-Tooth_Integrity_L_005
STS-Tooth,STS-3D-Tooth/Integrity/Labeled/Image/,Integrity_L_006.nii.gz,/home/vlab/Documents/Collections/Dental/STS-Tooth/STS-3D-Tooth/Integrity/Labeled/Image/Integrity_L_006.nii.gz,STS-Tooth_Integrity_L_006
STS-Tooth,STS-3D-Tooth/Integrity/Labeled/Image/,Integrity_L_007.nii.gz,/home/vlab/Documents/Collections/Dental/STS-Tooth/STS-3D-Tooth/Integrity/Labeled/Image/Integrity_L_007.nii.gz,STS-Tooth_Integrity_L_007
STS-Tooth,STS-3D-Tooth/Integrity/Labeled/Image/,Integrity_L_008.nii.gz,/home/vlab/Documents/Collections/Dental/STS-Tooth/STS-3D-Tooth/Integrity/Labeled/Image/Integrity_L_008.nii.gz,STS-Tooth_Integrity_L_008
STS-Tooth,STS-3D-Tooth/Integrity/Labeled/Image/,Integrity_L_009.nii.gz,/home/vlab/Documents/Collections/Dental/STS-Tooth/STS-3D-Tooth/Integrity/Labeled/Image/Integrity_L_009.nii.gz,STS-Tooth_Integrity_L_009
STS-Tooth,STS-3D-Tooth/Integrity/Labeled/Image/,Integrity_L_010.nii.gz,/home/vlab/Documents/Collections/Dental/STS-Tooth/STS-3D-Tooth/Integrity/Labeled/Image/Integrity_L_010.nii.gz,STS-Tooth_Integrity_L_010
STS-Tooth,STS-3D-Tooth/Integrity/Unlabeled/Image/,Integrity_U_001.nii.gz,/home/vlab/Documents/Collections/Dental/STS-Tooth/STS-3D-Tooth/Integrity/Unlabeled/Image/Integrity_U_001.nii.gz,STS-Tooth_Integrity_U_001
STS-Tooth,STS-3D-Tooth/Integrity/Unlabeled/Image/,Integrity_U_002.nii.gz,/home/vlab/Documents/Collections/Dental/STS-Tooth/STS-3D-Tooth/Integrity/Unlabeled/Image/Integrity_U_002.nii.gz,STS-Tooth_Integrity_U_002
STS-Tooth,STS-3D-Tooth/Integrity/Unlabeled/Image/,Integrity_U_003.nii.gz,/home/vlab/Documents/Collections/Dental/STS-Tooth/STS-3D-Tooth/Integrity/Unlabeled/Image/Integrity_U_003.nii.gz,STS-Tooth_Integrity_U_003
STS-Tooth,STS-3D-Tooth/Integrity/Unlabeled/Image/,Integrity_U_004.nii.gz,/home/vlab/Documents/Collections/Dental/STS-Tooth/STS-3D-Tooth/Integrity/Unlabeled/Image/Integrity_U_004.nii.gz,STS-Tooth_Integrity_U_004
STS-Tooth,STS-3D-Tooth/Integrity/Unlabeled/Image/,Integrity_U_005.nii.gz,/home/vlab/Documents/Collections/Dental/STS-Tooth/STS-3D-Tooth/Integrity/Unlabeled/Image/Integrity_U_005.nii.gz,STS-Tooth_Integrity_U_005
STS-Tooth,STS-3D-Tooth/Integrity/Unlabeled/Image/,Integrity_U_006.nii.gz,/home/vlab/Documents/Collections/Dental/STS-Tooth/STS-3D-Tooth/Integrity/Unlabeled/Image/Integrity_U_006.nii.gz,STS-Tooth_Integrity_U_006
STS-Tooth,STS-3D-Tooth/Integrity/Unlabeled/Image/,Integrity_U_007.nii.gz,/home/vlab/Documents/Collections/Dental/STS-Tooth/STS-3D-Tooth/Integrity/Unlabeled/Image/Integrity_U_007.nii.gz,STS-Tooth_Integrity_U_007
STS-Tooth,STS-3D-Tooth/Integrity/Unlabeled/Image/,Integrity_U_008.nii.gz,/home/vlab/Documents/Collections/Dental/STS-Tooth/STS-3D-Tooth/Integrity/Unlabeled/Image/Integrity_U_008.nii.gz,STS-Tooth_Integrity_U_008
STS-Tooth,STS-3D-Tooth/Integrity/Unlabeled/Image/,Integrity_U_009.nii.gz,/home/vlab/Documents/Collections/Dental/STS-Tooth/STS-3D-Tooth/Integrity/Unlabeled/Image/Integrity_U_009.nii.gz,STS-Tooth_Integrity_U_009
STS-Tooth,STS-3D-Tooth/Integrity/Unlabeled/Image/,Integrity_U_010.nii.gz,/home/vlab/Documents/Collections/Dental/STS-Tooth/STS-3D-Tooth/Integrity/Unlabeled/Image/Integrity_U_010.nii.gz,STS-Tooth_Integrity_U_010
STS-Tooth,STS-3D-Tooth/Integrity/Unlabeled/Image/,Integrity_U_011.nii.gz,/home/vlab/Documents/Collections/Dental/STS-Tooth/STS-3D-Tooth/Integrity/Unlabeled/Image/Integrity_U_011.nii.gz,STS-Tooth_Integrity_U_011
STS-Tooth,STS-3D-Tooth/Integrity/Unlabeled/Image/,Integrity_U_012.nii.gz,/home/vlab/Documents/Collections/Dental/STS-Tooth/STS-3D-Tooth/Integrity/Unlabeled/Image/Integrity_U_012.nii.gz,STS-Tooth_Integrity_U_012
STS-Tooth,STS-3D-Tooth/Integrity/Unlabeled/Image/,Integrity_U_013.nii.gz,/home/vlab/Documents/Collections/Dental/STS-Tooth/STS-3D-Tooth/Integrity/Unlabeled/Image/Integrity_U_013.nii.gz,STS-Tooth_Integrity_U_013
STS-Tooth,STS-3D-Tooth/Integrity/Unlabeled/Image/,Integrity_U_014.nii.gz,/home/vlab/Documents/Collections/Dental/STS-Tooth/STS-3D-Tooth/Integrity/Unlabeled/Image/Integrity_U_014.nii.gz,STS-Tooth_Integrity_U_014
STS-Tooth,STS-3D-Tooth/Integrity/Unlabeled/Image/,Integrity_U_015.nii.gz,/home/vlab/Documents/Collections/Dental/STS-Tooth/STS-3D-Tooth/Integrity/Unlabeled/Image/Integrity_U_015.nii.gz,STS-Tooth_Integrity_U_015
STS-Tooth,STS-3D-Tooth/Integrity/Unlabeled/Image/,Integrity_U_016.nii.gz,/home/vlab/Documents/Collections/Dental/STS-Tooth/STS-3D-Tooth/Integrity/Unlabeled/Image/Integrity_U_016.nii.gz,STS-Tooth_Integrity_U_016
STS-Tooth,STS-3D-Tooth/Integrity/Unlabeled/Image/,Integrity_U_017.nii.gz,/home/vlab/Documents/Collections/Dental/STS-Tooth/STS-3D-Tooth/Integrity/Unlabeled/Image/Integrity_U_017.nii.gz,STS-Tooth_Integrity_U_017
STS-Tooth,STS-3D-Tooth/Integrity/Unlabeled/Image/,Integrity_U_018.nii.gz,/home/vlab/Documents/Collections/Dental/STS-Tooth/STS-3D-Tooth/Integrity/Unlabeled/Image/Integrity_U_018.nii.gz,STS-Tooth_Integrity_U_018
STS-Tooth,STS-3D-Tooth/Integrity/Unlabeled/Image/,Integrity_U_019.nii.gz,/home/vlab/Documents/Collections/Dental/STS-Tooth/STS-3D-Tooth/Integrity/Unlabeled/Image/Integrity_U_019.nii.gz,STS-Tooth_Integrity_U_019
STS-Tooth,STS-3D-Tooth/Integrity/Unlabeled/Image/,Integrity_U_020.nii.gz,/home/vlab/Documents/Collections/Dental/STS-Tooth/STS-3D-Tooth/Integrity/Unlabeled/Image/Integrity_U_020.nii.gz,STS-Tooth_Integrity_U_020
STS-Tooth,STS-3D-Tooth/Integrity/Unlabeled/Image/,Integrity_U_021.nii.gz,/home/vlab/Documents/Collections/Dental/STS-Tooth/STS-3D-Tooth/Integrity/Unlabeled/Image/Integrity_U_021.nii.gz,STS-Tooth_Integrity_U_021
STS-Tooth,STS-3D-Tooth/Integrity/Unlabeled/Image/,Integrity_U_022.nii.gz,/home/vlab/Documents/Collections/Dental/STS-Tooth/STS-3D-Tooth/Integrity/Unlabeled/Image/Integrity_U_022.nii.gz,STS-Tooth_Integrity_U_022
STS-Tooth,STS-3D-Tooth/Integrity/Unlabeled/Image/,Integrity_U_023.nii.gz,/home/vlab/Documents/Collections/Dental/STS-Tooth/STS-3D-Tooth/Integrity/Unlabeled/Image/Integrity_U_023.nii.gz,STS-Tooth_Integrity_U_023
STS-Tooth,STS-3D-Tooth/Integrity/Unlabeled/Image/,Integrity_U_024.nii.gz,/home/vlab/Documents/Collections/Dental/STS-Tooth/STS-3D-Tooth/Integrity/Unlabeled/Image/Integrity_U_024.nii.gz,STS-Tooth_Integrity_U_024
STS-Tooth,STS-3D-Tooth/Integrity/Unlabeled/Image/,Integrity_U_025.nii.gz,/home/vlab/Documents/Collections/Dental/STS-Tooth/STS-3D-Tooth/Integrity/Unlabeled/Image/Integrity_U_025.nii.gz,STS-Tooth_Integrity_U_025
STS-Tooth,STS-3D-Tooth/Integrity/Unlabeled/Image/,Integrity_U_026.nii.gz,/home/vlab/Documents/Collections/Dental/STS-Tooth/STS-3D-Tooth/Integrity/Unlabeled/Image/Integrity_U_026.nii.gz,STS-Tooth_Integrity_U_026
STS-Tooth,STS-3D-Tooth/Integrity/Unlabeled/Image/,Integrity_U_027.nii.gz,/home/vlab/Documents/Collections/Dental/STS-Tooth/STS-3D-Tooth/Integrity/Unlabeled/Image/Integrity_U_027.nii.gz,STS-Tooth_Integrity_U_027
STS-Tooth,STS-3D-Tooth/Integrity/Unlabeled/Image/,Integrity_U_028.nii.gz,/home/vlab/Documents/Collections/Dental/STS-Tooth/STS-3D-Tooth/Integrity/Unlabeled/Image/Integrity_U_028.nii.gz,STS-Tooth_Integrity_U_028
STS-Tooth,STS-3D-Tooth/Integrity/Unlabeled/Image/,Integrity_U_029.nii.gz,/home/vlab/Documents/Collections/Dental/STS-Tooth/STS-3D-Tooth/Integrity/Unlabeled/Image/Integrity_U_029.nii.gz,STS-Tooth_Integrity_U_029
STS-Tooth,STS-3D-Tooth/Integrity/Unlabeled/Image/,Integrity_U_030.nii.gz,/home/vlab/Documents/Collections/Dental/STS-Tooth/STS-3D-Tooth/Integrity/Unlabeled/Image/Integrity_U_030.nii.gz,STS-Tooth_Integrity_U_030
STS-Tooth,STS-3D-Tooth/Integrity/Unlabeled/Image/,Integrity_U_031.nii.gz,/home/vlab/Documents/Collections/Dental/STS-Tooth/STS-3D-Tooth/Integrity/Unlabeled/Image/Integrity_U_031.nii.gz,STS-Tooth_Integrity_U_031
STS-Tooth,STS-3D-Tooth/Integrity/Unlabeled/Image/,Integrity_U_032.nii.gz,/home/vlab/Documents/Collections/Dental/STS-Tooth/STS-3D-Tooth/Integrity/Unlabeled/Image/Integrity_U_032.nii.gz,STS-Tooth_Integrity_U_032
STS-Tooth,STS-3D-Tooth/Integrity/Unlabeled/Image/,Integrity_U_033.nii.gz,/home/vlab/Documents/Collections/Dental/STS-Tooth/STS-3D-Tooth/Integrity/Unlabeled/Image/Integrity_U_033.nii.gz,STS-Tooth_Integrity_U_033
STS-Tooth,STS-3D-Tooth/Integrity/Unlabeled/Image/,Integrity_U_034.nii.gz,/home/vlab/Documents/Collections/Dental/STS-Tooth/STS-3D-Tooth/Integrity/Unlabeled/Image/Integrity_U_034.nii.gz,STS-Tooth_Integrity_U_034
STS-Tooth,STS-3D-Tooth/Integrity/Unlabeled/Image/,Integrity_U_035.nii.gz,/home/vlab/Documents/Collections/Dental/STS-Tooth/STS-3D-Tooth/Integrity/Unlabeled/Image/Integrity_U_035.nii.gz,STS-Tooth_Integrity_U_035
STS-Tooth,STS-3D-Tooth/Integrity/Unlabeled/Image/,Integrity_U_036.nii.gz,/home/vlab/Documents/Collections/Dental/STS-Tooth/STS-3D-Tooth/Integrity/Unlabeled/Image/Integrity_U_036.nii.gz,STS-Tooth_Integrity_U_036
STS-Tooth,STS-3D-Tooth/Integrity/Unlabeled/Image/,Integrity_U_037.nii.gz,/home/vlab/Documents/Collections/Dental/STS-Tooth/STS-3D-Tooth/Integrity/Unlabeled/Image/Integrity_U_037.nii.gz,STS-Tooth_Integrity_U_037
STS-Tooth,STS-3D-Tooth/Integrity/Unlabeled/Image/,Integrity_U_038.nii.gz,/home/vlab/Documents/Collections/Dental/STS-Tooth/STS-3D-Tooth/Integrity/Unlabeled/Image/Integrity_U_038.nii.gz,STS-Tooth_Integrity_U_038
STS-Tooth,STS-3D-Tooth/Integrity/Unlabeled/Image/,Integrity_U_039.nii.gz,/home/vlab/Documents/Collections/Dental/STS-Tooth/STS-3D-Tooth/Integrity/Unlabeled/Image/Integrity_U_039.nii.gz,STS-Tooth_Integrity_U_039
STS-Tooth,STS-3D-Tooth/Integrity/Unlabeled/Image/,Integrity_U_040.nii.gz,/home/vlab/Documents/Collections/Dental/STS-Tooth/STS-3D-Tooth/Integrity/Unlabeled/Image/Integrity_U_040.nii.gz,STS-Tooth_Integrity_U_040
STS-Tooth,STS-3D-Tooth/Integrity/Unlabeled/Image/,Integrity_U_041.nii.gz,/home/vlab/Documents/Collections/Dental/STS-Tooth/STS-3D-Tooth/Integrity/Unlabeled/Image/Integrity_U_041.nii.gz,STS-Tooth_Integrity_U_041
STS-Tooth,STS-3D-Tooth/Integrity/Unlabeled/Image/,Integrity_U_042.nii.gz,/home/vlab/Documents/Collections/Dental/STS-Tooth/STS-3D-Tooth/Integrity/Unlabeled/Image/Integrity_U_042.nii.gz,STS-Tooth_Integrity_U_042
STS-Tooth,STS-3D-Tooth/Integrity/Unlabeled/Image/,Integrity_U_043.nii.gz,/home/vlab/Documents/Collections/Dental/STS-Tooth/STS-3D-Tooth/Integrity/Unlabeled/Image/Integrity_U_043.nii.gz,STS-Tooth_Integrity_U_043
STS-Tooth,STS-3D-Tooth/Integrity/Unlabeled/Image/,Integrity_U_044.nii.gz,/home/vlab/Documents/Collections/Dental/STS-Tooth/STS-3D-Tooth/Integrity/Unlabeled/Image/Integrity_U_044.nii.gz,STS-Tooth_Integrity_U_044
STS-Tooth,STS-3D-Tooth/Integrity/Unlabeled/Image/,Integrity_U_045.nii.gz,/home/vlab/Documents/Collections/Dental/STS-Tooth/STS-3D-Tooth/Integrity/Unlabeled/Image/Integrity_U_045.nii.gz,STS-Tooth_Integrity_U_045
STS-Tooth,STS-3D-Tooth/Integrity/Unlabeled/Image/,Integrity_U_046.nii.gz,/home/vlab/Documents/Collections/Dental/STS-Tooth/STS-3D-Tooth/Integrity/Unlabeled/Image/Integrity_U_046.nii.gz,STS-Tooth_Integrity_U_046
STS-Tooth,STS-3D-Tooth/Integrity/Unlabeled/Image/,Integrity_U_047.nii.gz,/home/vlab/Documents/Collections/Dental/STS-Tooth/STS-3D-Tooth/Integrity/Unlabeled/Image/Integrity_U_047.nii.gz,STS-Tooth_Integrity_U_047
STS-Tooth,STS-3D-Tooth/Integrity/Unlabeled/Image/,Integrity_U_048.nii.gz,/home/vlab/Documents/Collections/Dental/STS-Tooth/STS-3D-Tooth/Integrity/Unlabeled/Image/Integrity_U_048.nii.gz,STS-Tooth_Integrity_U_048
STS-Tooth,STS-3D-Tooth/Integrity/Unlabeled/Image/,Integrity_U_049.nii.gz,/home/vlab/Documents/Collections/Dental/STS-Tooth/STS-3D-Tooth/Integrity/Unlabeled/Image/Integrity_U_049.nii.gz,STS-Tooth_Integrity_U_049
STS-Tooth,STS-3D-Tooth/Integrity/Unlabeled/Image/,Integrity_U_050.nii.gz,/home/vlab/Documents/Collections/Dental/STS-Tooth/STS-3D-Tooth/Integrity/Unlabeled/Image/Integrity_U_050.nii.gz,STS-Tooth_Integrity_U_050
STS-Tooth,STS-3D-Tooth/Integrity/Unlabeled/Image/,Integrity_U_051.nii.gz,/home/vlab/Documents/Collections/Dental/STS-Tooth/STS-3D-Tooth/Integrity/Unlabeled/Image/Integrity_U_051.nii.gz,STS-Tooth_Integrity_U_051
STS-Tooth,STS-3D-Tooth/Integrity/Unlabeled/Image/,Integrity_U_052.nii.gz,/home/vlab/Documents/Collections/Dental/STS-Tooth/STS-3D-Tooth/Integrity/Unlabeled/Image/Integrity_U_052.nii.gz,STS-Tooth_Integrity_U_052
STS-Tooth,STS-3D-Tooth/Integrity/Unlabeled/Image/,Integrity_U_053.nii.gz,/home/vlab/Documents/Collections/Dental/STS-Tooth/STS-3D-Tooth/Integrity/Unlabeled/Image/Integrity_U_053.nii.gz,STS-Tooth_Integrity_U_053
STS-Tooth,STS-3D-Tooth/Integrity/Unlabeled/Image/,Integrity_U_054.nii.gz,/home/vlab/Documents/Collections/Dental/STS-Tooth/STS-3D-Tooth/Integrity/Unlabeled/Image/Integrity_U_054.nii.gz,STS-Tooth_Integrity_U_054
STS-Tooth,STS-3D-Tooth/Integrity/Unlabeled/Image/,Integrity_U_055.nii.gz,/home/vlab/Documents/Collections/Dental/STS-Tooth/STS-3D-Tooth/Integrity/Unlabeled/Image/Integrity_U_055.nii.gz,STS-Tooth_Integrity_U_055
STS-Tooth,STS-3D-Tooth/Integrity/Unlabeled/Image/,Integrity_U_056.nii.gz,/home/vlab/Documents/Collections/Dental/STS-Tooth/STS-3D-Tooth/Integrity/Unlabeled/Image/Integrity_U_056.nii.gz,STS-Tooth_Integrity_U_056
STS-Tooth,STS-3D-Tooth/Integrity/Unlabeled/Image/,Integrity_U_057.nii.gz,/home/vlab/Documents/Collections/Dental/STS-Tooth/STS-3D-Tooth/Integrity/Unlabeled/Image/Integrity_U_057.nii.gz,STS-Tooth_Integrity_U_057
STS-Tooth,STS-3D-Tooth/Integrity/Unlabeled/Image/,Integrity_U_058.nii.gz,/home/vlab/Documents/Collections/Dental/STS-Tooth/STS-3D-Tooth/Integrity/Unlabeled/Image/Integrity_U_058.nii.gz,STS-Tooth_Integrity_U_058
STS-Tooth,STS-3D-Tooth/Integrity/Unlabeled/Image/,Integrity_U_059.nii.gz,/home/vlab/Documents/Collections/Dental/STS-Tooth/STS-3D-Tooth/Integrity/Unlabeled/Image/Integrity_U_059.nii.gz,STS-Tooth_Integrity_U_059
STS-Tooth,STS-3D-Tooth/Integrity/Unlabeled/Image/,Integrity_U_060.nii.gz,/home/vlab/Documents/Collections/Dental/STS-Tooth/STS-3D-Tooth/Integrity/Unlabeled/Image/Integrity_U_060.nii.gz,STS-Tooth_Integrity_U_060
STS-Tooth,STS-3D-Tooth/Integrity/Unlabeled/Image/,Integrity_U_061.nii.gz,/home/vlab/Documents/Collections/Dental/STS-Tooth/STS-3D-Tooth/Integrity/Unlabeled/Image/Integrity_U_061.nii.gz,STS-Tooth_Integrity_U_061
STS-Tooth,STS-3D-Tooth/Integrity/Unlabeled/Image/,Integrity_U_063.nii.gz,/home/vlab/Documents/Collections/Dental/STS-Tooth/STS-3D-Tooth/Integrity/Unlabeled/Image/Integrity_U_063.nii.gz,STS-Tooth_Integrity_U_063
STS-Tooth,STS-3D-Tooth/Integrity/Unlabeled/Image/,Integrity_U_064.nii.gz,/home/vlab/Documents/Collections/Dental/STS-Tooth/STS-3D-Tooth/Integrity/Unlabeled/Image/Integrity_U_064.nii.gz,STS-Tooth_Integrity_U_064
STS-Tooth,STS-3D-Tooth/Integrity/Unlabeled/Image/,Integrity_U_065.nii.gz,/home/vlab/Documents/Collections/Dental/STS-Tooth/STS-3D-Tooth/Integrity/Unlabeled/Image/Integrity_U_065.nii.gz,STS-Tooth_Integrity_U_065
STS-Tooth,STS-3D-Tooth/Integrity/Unlabeled/Image/,Integrity_U_066.nii.gz,/home/vlab/Documents/Collections/Dental/STS-Tooth/STS-3D-Tooth/Integrity/Unlabeled/Image/Integrity_U_066.nii.gz,STS-Tooth_Integrity_U_066
STS-Tooth,STS-3D-Tooth/Integrity/Unlabeled/Image/,Integrity_U_067.nii.gz,/home/vlab/Documents/Collections/Dental/STS-Tooth/STS-3D-Tooth/Integrity/Unlabeled/Image/Integrity_U_067.nii.gz,STS-Tooth_Integrity_U_067
STS-Tooth,STS-3D-Tooth/Integrity/Unlabeled/Image/,Integrity_U_069.nii.gz,/home/vlab/Documents/Collections/Dental/STS-Tooth/STS-3D-Tooth/Integrity/Unlabeled/Image/Integrity_U_069.nii.gz,STS-Tooth_Integrity_U_069
STS-Tooth,STS-3D-Tooth/Integrity/Unlabeled/Image/,Integrity_U_070.nii.gz,/home/vlab/Documents/Collections/Dental/STS-Tooth/STS-3D-Tooth/Integrity/Unlabeled/Image/Integrity_U_070.nii.gz,STS-Tooth_Integrity_U_070
STS-Tooth,STS-3D-Tooth/Integrity/Unlabeled/Image/,Integrity_U_072.nii.gz,/home/vlab/Documents/Collections/Dental/STS-Tooth/STS-3D-Tooth/Integrity/Unlabeled/Image/Integrity_U_072.nii.gz,STS-Tooth_Integrity_U_072
STS-Tooth,STS-3D-Tooth/Integrity/Unlabeled/Image/,Integrity_U_073.nii.gz,/home/vlab/Documents/Collections/Dental/STS-Tooth/STS-3D-Tooth/Integrity/Unlabeled/Image/Integrity_U_073.nii.gz,STS-Tooth_Integrity_U_073
STS-Tooth,STS-3D-Tooth/Integrity/Unlabeled/Image/,Integrity_U_074.nii.gz,/home/vlab/Documents/Collections/Dental/STS-Tooth/STS-3D-Tooth/Integrity/Unlabeled/Image/Integrity_U_074.nii.gz,STS-Tooth_Integrity_U_074
STS-Tooth,STS-3D-Tooth/Integrity/Unlabeled/Image/,Integrity_U_075.nii.gz,/home/vlab/Documents/Collections/Dental/STS-Tooth/STS-3D-Tooth/Integrity/Unlabeled/Image/Integrity_U_075.nii.gz,STS-Tooth_Integrity_U_075
STS-Tooth,STS-3D-Tooth/Integrity/Unlabeled/Image/,Integrity_U_076.nii.gz,/home/vlab/Documents/Collections/Dental/STS-Tooth/STS-3D-Tooth/Integrity/Unlabeled/Image/Integrity_U_076.nii.gz,STS-Tooth_Integrity_U_076
STS-Tooth,STS-3D-Tooth/Integrity/Unlabeled/Image/,Integrity_U_077.nii.gz,/home/vlab/Documents/Collections/Dental/STS-Tooth/STS-3D-Tooth/Integrity/Unlabeled/Image/Integrity_U_077.nii.gz,STS-Tooth_Integrity_U_077
STS-Tooth,STS-3D-Tooth/Integrity/Unlabeled/Image/,Integrity_U_079.nii.gz,/home/vlab/Documents/Collections/Dental/STS-Tooth/STS-3D-Tooth/Integrity/Unlabeled/Image/Integrity_U_079.nii.gz,STS-Tooth_Integrity_U_079
STS-Tooth,STS-3D-Tooth/Integrity/Unlabeled/Image/,Integrity_U_080.nii.gz,/home/vlab/Documents/Collections/Dental/STS-Tooth/STS-3D-Tooth/Integrity/Unlabeled/Image/Integrity_U_080.nii.gz,STS-Tooth_Integrity_U_080
STS-Tooth,STS-3D-Tooth/Integrity/Unlabeled/Image/,Integrity_U_081.nii.gz,/home/vlab/Documents/Collections/Dental/STS-Tooth/STS-3D-Tooth/Integrity/Unlabeled/Image/Integrity_U_081.nii.gz,STS-Tooth_Integrity_U_081
STS-Tooth,STS-3D-Tooth/Integrity/Unlabeled/Image/,Integrity_U_082.nii.gz,/home/vlab/Documents/Collections/Dental/STS-Tooth/STS-3D-Tooth/Integrity/Unlabeled/Image/Integrity_U_082.nii.gz,STS-Tooth_Integrity_U_082
STS-Tooth,STS-3D-Tooth/Integrity/Unlabeled/Image/,Integrity_U_083.nii.gz,/home/vlab/Documents/Collections/Dental/STS-Tooth/STS-3D-Tooth/Integrity/Unlabeled/Image/Integrity_U_083.nii.gz,STS-Tooth_Integrity_U_083
STS-Tooth,STS-3D-Tooth/Integrity/Unlabeled/Image/,Integrity_U_084.nii.gz,/home/vlab/Documents/Collections/Dental/STS-Tooth/STS-3D-Tooth/Integrity/Unlabeled/Image/Integrity_U_084.nii.gz,STS-Tooth_Integrity_U_084
STS-Tooth,STS-3D-Tooth/Integrity/Unlabeled/Image/,Integrity_U_085.nii.gz,/home/vlab/Documents/Collections/Dental/STS-Tooth/STS-3D-Tooth/Integrity/Unlabeled/Image/Integrity_U_085.nii.gz,STS-Tooth_Integrity_U_085
STS-Tooth,STS-3D-Tooth/Integrity/Unlabeled/Image/,Integrity_U_086.nii.gz,/home/vlab/Documents/Collections/Dental/STS-Tooth/STS-3D-Tooth/Integrity/Unlabeled/Image/Integrity_U_086.nii.gz,STS-Tooth_Integrity_U_086
STS-Tooth,STS-3D-Tooth/Integrity/Unlabeled/Image/,Integrity_U_088.nii.gz,/home/vlab/Documents/Collections/Dental/STS-Tooth/STS-3D-Tooth/Integrity/Unlabeled/Image/Integrity_U_088.nii.gz,STS-Tooth_Integrity_U_088
STS-Tooth,STS-3D-Tooth/Integrity/Unlabeled/Image/,Integrity_U_089.nii.gz,/home/vlab/Documents/Collections/Dental/STS-Tooth/STS-3D-Tooth/Integrity/Unlabeled/Image/Integrity_U_089.nii.gz,STS-Tooth_Integrity_U_089
STS-Tooth,STS-3D-Tooth/Integrity/Unlabeled/Image/,Integrity_U_090.nii.gz,/home/vlab/Documents/Collections/Dental/STS-Tooth/STS-3D-Tooth/Integrity/Unlabeled/Image/Integrity_U_090.nii.gz,STS-Tooth_Integrity_U_090
STS-Tooth,STS-3D-Tooth/Integrity/Unlabeled/Image/,Integrity_U_091.nii.gz,/home/vlab/Documents/Collections/Dental/STS-Tooth/STS-3D-Tooth/Integrity/Unlabeled/Image/Integrity_U_091.nii.gz,STS-Tooth_Integrity_U_091
STS-Tooth,STS-3D-Tooth/Integrity/Unlabeled/Image/,Integrity_U_092.nii.gz,/home/vlab/Documents/Collections/Dental/STS-Tooth/STS-3D-Tooth/Integrity/Unlabeled/Image/Integrity_U_092.nii.gz,STS-Tooth_Integrity_U_092
STS-Tooth,STS-3D-Tooth/Integrity/Unlabeled/Image/,Integrity_U_093.nii.gz,/home/vlab/Documents/Collections/Dental/STS-Tooth/STS-3D-Tooth/Integrity/Unlabeled/Image/Integrity_U_093.nii.gz,STS-Tooth_Integrity_U_093
STS-Tooth,STS-3D-Tooth/Integrity/Unlabeled/Image/,Integrity_U_094.nii.gz,/home/vlab/Documents/Collections/Dental/STS-Tooth/STS-3D-Tooth/Integrity/Unlabeled/Image/Integrity_U_094.nii.gz,STS-Tooth_Integrity_U_094
STS-Tooth,STS-3D-Tooth/Integrity/Unlabeled/Image/,Integrity_U_095.nii.gz,/home/vlab/Documents/Collections/Dental/STS-Tooth/STS-3D-Tooth/Integrity/Unlabeled/Image/Integrity_U_095.nii.gz,STS-Tooth_Integrity_U_095
STS-Tooth,STS-3D-Tooth/Integrity/Unlabeled/Image/,Integrity_U_096.nii.gz,/home/vlab/Documents/Collections/Dental/STS-Tooth/STS-3D-Tooth/Integrity/Unlabeled/Image/Integrity_U_096.nii.gz,STS-Tooth_Integrity_U_096
STS-Tooth,STS-3D-Tooth/Integrity/Unlabeled/Image/,Integrity_U_097.nii.gz,/home/vlab/Documents/Collections/Dental/STS-Tooth/STS-3D-Tooth/Integrity/Unlabeled/Image/Integrity_U_097.nii.gz,STS-Tooth_Integrity_U_097
STS-Tooth,STS-3D-Tooth/Integrity/Unlabeled/Image/,Integrity_U_098.nii.gz,/home/vlab/Documents/Collections/Dental/STS-Tooth/STS-3D-Tooth/Integrity/Unlabeled/Image/Integrity_U_098.nii.gz,STS-Tooth_Integrity_U_098
STS-Tooth,STS-3D-Tooth/Integrity/Unlabeled/Image/,Integrity_U_099.nii.gz,/home/vlab/Documents/Collections/Dental/STS-Tooth/STS-3D-Tooth/Integrity/Unlabeled/Image/Integrity_U_099.nii.gz,STS-Tooth_Integrity_U_099
STS-Tooth,STS-3D-Tooth/Integrity/Unlabeled/Image/,Integrity_U_101.nii.gz,/home/vlab/Documents/Collections/Dental/STS-Tooth/STS-3D-Tooth/Integrity/Unlabeled/Image/Integrity_U_101.nii.gz,STS-Tooth_Integrity_U_101
STS-Tooth,STS-3D-Tooth/Integrity/Unlabeled/Image/,Integrity_U_102.nii.gz,/home/vlab/Documents/Collections/Dental/STS-Tooth/STS-3D-Tooth/Integrity/Unlabeled/Image/Integrity_U_102.nii.gz,STS-Tooth_Integrity_U_102
STS-Tooth,STS-3D-Tooth/Integrity/Unlabeled/Image/,Integrity_U_104.nii.gz,/home/vlab/Documents/Collections/Dental/STS-Tooth/STS-3D-Tooth/Integrity/Unlabeled/Image/Integrity_U_104.nii.gz,STS-Tooth_Integrity_U_104
STS-Tooth,STS-3D-Tooth/Integrity/Unlabeled/Image/,Integrity_U_105.nii.gz,/home/vlab/Documents/Collections/Dental/STS-Tooth/STS-3D-Tooth/Integrity/Unlabeled/Image/Integrity_U_105.nii.gz,STS-Tooth_Integrity_U_105
STS-Tooth,STS-3D-Tooth/Integrity/Unlabeled/Image/,Integrity_U_106.nii.gz,/home/vlab/Documents/Collections/Dental/STS-Tooth/STS-3D-Tooth/Integrity/Unlabeled/Image/Integrity_U_106.nii.gz,STS-Tooth_Integrity_U_106
STS-Tooth,STS-3D-Tooth/Integrity/Unlabeled/Image/,Integrity_U_107.nii.gz,/home/vlab/Documents/Collections/Dental/STS-Tooth/STS-3D-Tooth/Integrity/Unlabeled/Image/Integrity_U_107.nii.gz,STS-Tooth_Integrity_U_107
STS-Tooth,STS-3D-Tooth/Integrity/Unlabeled/Image/,Integrity_U_108.nii.gz,/home/vlab/Documents/Collections/Dental/STS-Tooth/STS-3D-Tooth/Integrity/Unlabeled/Image/Integrity_U_108.nii.gz,STS-Tooth_Integrity_U_108
STS-Tooth,STS-3D-Tooth/Integrity/Unlabeled/Image/,Integrity_U_110.nii.gz,/home/vlab/Documents/Collections/Dental/STS-Tooth/STS-3D-Tooth/Integrity/Unlabeled/Image/Integrity_U_110.nii.gz,STS-Tooth_Integrity_U_110
STS-Tooth,STS-3D-Tooth/Integrity/Unlabeled/Image/,Integrity_U_111.nii.gz,/home/vlab/Documents/Collections/Dental/STS-Tooth/STS-3D-Tooth/Integrity/Unlabeled/Image/Integrity_U_111.nii.gz,STS-Tooth_Integrity_U_111
STS-Tooth,STS-3D-Tooth/Integrity/Unlabeled/Image/,Integrity_U_112.nii.gz,/home/vlab/Documents/Collections/Dental/STS-Tooth/STS-3D-Tooth/Integrity/Unlabeled/Image/Integrity_U_112.nii.gz,STS-Tooth_Integrity_U_112
STS-Tooth,STS-3D-Tooth/Integrity/Unlabeled/Image/,Integrity_U_113.nii.gz,/home/vlab/Documents/Collections/Dental/STS-Tooth/STS-3D-Tooth/Integrity/Unlabeled/Image/Integrity_U_113.nii.gz,STS-Tooth_Integrity_U_113
STS-Tooth,STS-3D-Tooth/Integrity/Unlabeled/Image/,Integrity_U_114.nii.gz,/home/vlab/Documents/Collections/Dental/STS-Tooth/STS-3D-Tooth/Integrity/Unlabeled/Image/Integrity_U_114.nii.gz,STS-Tooth_Integrity_U_114
STS-Tooth,STS-3D-Tooth/Integrity/Unlabeled/Image/,Integrity_U_115.nii.gz,/home/vlab/Documents/Collections/Dental/STS-Tooth/STS-3D-Tooth/Integrity/Unlabeled/Image/Integrity_U_115.nii.gz,STS-Tooth_Integrity_U_115
STS-Tooth,STS-3D-Tooth/Integrity/Unlabeled/Image/,Integrity_U_117.nii.gz,/home/vlab/Documents/Collections/Dental/STS-Tooth/STS-3D-Tooth/Integrity/Unlabeled/Image/Integrity_U_117.nii.gz,STS-Tooth_Integrity_U_117
STS-Tooth,STS-3D-Tooth/Integrity/Unlabeled/Image/,Integrity_U_118.nii.gz,/home/vlab/Documents/Collections/Dental/STS-Tooth/STS-3D-Tooth/Integrity/Unlabeled/Image/Integrity_U_118.nii.gz,STS-Tooth_Integrity_U_118
STS-Tooth,STS-3D-Tooth/Integrity/Unlabeled/Image/,Integrity_U_119.nii.gz,/home/vlab/Documents/Collections/Dental/STS-Tooth/STS-3D-Tooth/Integrity/Unlabeled/Image/Integrity_U_119.nii.gz,STS-Tooth_Integrity_U_119
STS-Tooth,STS-3D-Tooth/Integrity/Unlabeled/Image/,Integrity_U_120.nii.gz,/home/vlab/Documents/Collections/Dental/STS-Tooth/STS-3D-Tooth/Integrity/Unlabeled/Image/Integrity_U_120.nii.gz,STS-Tooth_Integrity_U_120
STS-Tooth,STS-3D-Tooth/Integrity/Unlabeled/Image/,Integrity_U_121.nii.gz,/home/vlab/Documents/Collections/Dental/STS-Tooth/STS-3D-Tooth/Integrity/Unlabeled/Image/Integrity_U_121.nii.gz,STS-Tooth_Integrity_U_121
STS-Tooth,STS-3D-Tooth/Integrity/Unlabeled/Image/,Integrity_U_122.nii.gz,/home/vlab/Documents/Collections/Dental/STS-Tooth/STS-3D-Tooth/Integrity/Unlabeled/Image/Integrity_U_122.nii.gz,STS-Tooth_Integrity_U_122
STS-Tooth,STS-3D-Tooth/Integrity/Unlabeled/Image/,Integrity_U_123.nii.gz,/home/vlab/Documents/Collections/Dental/STS-Tooth/STS-3D-Tooth/Integrity/Unlabeled/Image/Integrity_U_123.nii.gz,STS-Tooth_Integrity_U_123
STS-Tooth,STS-3D-Tooth/Integrity/Unlabeled/Image/,Integrity_U_124.nii.gz,/home/vlab/Documents/Collections/Dental/STS-Tooth/STS-3D-Tooth/Integrity/Unlabeled/Image/Integrity_U_124.nii.gz,STS-Tooth_Integrity_U_124
STS-Tooth,STS-3D-Tooth/Integrity/Unlabeled/Image/,Integrity_U_125.nii.gz,/home/vlab/Documents/Collections/Dental/STS-Tooth/STS-3D-Tooth/Integrity/Unlabeled/Image/Integrity_U_125.nii.gz,STS-Tooth_Integrity_U_125
STS-Tooth,STS-3D-Tooth/Integrity/Unlabeled/Image/,Integrity_U_126.nii.gz,/home/vlab/Documents/Collections/Dental/STS-Tooth/STS-3D-Tooth/Integrity/Unlabeled/Image/Integrity_U_126.nii.gz,STS-Tooth_Integrity_U_126
STS-Tooth,STS-3D-Tooth/Integrity/Unlabeled/Image/,Integrity_U_127.nii.gz,/home/vlab/Documents/Collections/Dental/STS-Tooth/STS-3D-Tooth/Integrity/Unlabeled/Image/Integrity_U_127.nii.gz,STS-Tooth_Integrity_U_127
STS-Tooth,STS-3D-Tooth/Integrity/Unlabeled/Image/,Integrity_U_128.nii.gz,/home/vlab/Documents/Collections/Dental/STS-Tooth/STS-3D-Tooth/Integrity/Unlabeled/Image/Integrity_U_128.nii.gz,STS-Tooth_Integrity_U_128
STS-Tooth,STS-3D-Tooth/Integrity/Unlabeled/Image/,Integrity_U_129.nii.gz,/home/vlab/Documents/Collections/Dental/STS-Tooth/STS-3D-Tooth/Integrity/Unlabeled/Image/Integrity_U_129.nii.gz,STS-Tooth_Integrity_U_129
STS-Tooth,STS-3D-Tooth/Integrity/Unlabeled/Image/,Integrity_U_131.nii.gz,/home/vlab/Documents/Collections/Dental/STS-Tooth/STS-3D-Tooth/Integrity/Unlabeled/Image/Integrity_U_131.nii.gz,STS-Tooth_Integrity_U_131
STS-Tooth,STS-3D-Tooth/Integrity/Unlabeled/Image/,Integrity_U_132.nii.gz,/home/vlab/Documents/Collections/Dental/STS-Tooth/STS-3D-Tooth/Integrity/Unlabeled/Image/Integrity_U_132.nii.gz,STS-Tooth_Integrity_U_132
STS-Tooth,STS-3D-Tooth/Integrity/Unlabeled/Image/,Integrity_U_134.nii.gz,/home/vlab/Documents/Collections/Dental/STS-Tooth/STS-3D-Tooth/Integrity/Unlabeled/Image/Integrity_U_134.nii.gz,STS-Tooth_Integrity_U_134
STS-Tooth,STS-3D-Tooth/Integrity/Unlabeled/Image/,Integrity_U_135.nii.gz,/home/vlab/Documents/Collections/Dental/STS-Tooth/STS-3D-Tooth/Integrity/Unlabeled/Image/Integrity_U_135.nii.gz,STS-Tooth_Integrity_U_135
STS-Tooth,STS-3D-Tooth/Integrity/Unlabeled/Image/,Integrity_U_136.nii.gz,/home/vlab/Documents/Collections/Dental/STS-Tooth/STS-3D-Tooth/Integrity/Unlabeled/Image/Integrity_U_136.nii.gz,STS-Tooth_Integrity_U_136
STS-Tooth,STS-3D-Tooth/Integrity/Unlabeled/Image/,Integrity_U_137.nii.gz,/home/vlab/Documents/Collections/Dental/STS-Tooth/STS-3D-Tooth/Integrity/Unlabeled/Image/Integrity_U_137.nii.gz,STS-Tooth_Integrity_U_137
STS-Tooth,STS-3D-Tooth/Integrity/Unlabeled/Image/,Integrity_U_138.nii.gz,/home/vlab/Documents/Collections/Dental/STS-Tooth/STS-3D-Tooth/Integrity/Unlabeled/Image/Integrity_U_138.nii.gz,STS-Tooth_Integrity_U_138
STS-Tooth,STS-3D-Tooth/Integrity/Unlabeled/Image/,Integrity_U_139.nii.gz,/home/vlab/Documents/Collections/Dental/STS-Tooth/STS-3D-Tooth/Integrity/Unlabeled/Image/Integrity_U_139.nii.gz,STS-Tooth_Integrity_U_139
STS-Tooth,STS-3D-Tooth/Integrity/Unlabeled/Image/,Integrity_U_140.nii.gz,/home/vlab/Documents/Collections/Dental/STS-Tooth/STS-3D-Tooth/Integrity/Unlabeled/Image/Integrity_U_140.nii.gz,STS-Tooth_Integrity_U_140
STS-Tooth,STS-3D-Tooth/Integrity/Unlabeled/Image/,Integrity_U_141.nii.gz,/home/vlab/Documents/Collections/Dental/STS-Tooth/STS-3D-Tooth/Integrity/Unlabeled/Image/Integrity_U_141.nii.gz,STS-Tooth_Integrity_U_141
STS-Tooth,STS-3D-Tooth/Integrity/Unlabeled/Image/,Integrity_U_142.nii.gz,/home/vlab/Documents/Collections/Dental/STS-Tooth/STS-3D-Tooth/Integrity/Unlabeled/Image/Integrity_U_142.nii.gz,STS-Tooth_Integrity_U_142
STS-Tooth,STS-3D-Tooth/Integrity/Unlabeled/Image/,Integrity_U_143.nii.gz,/home/vlab/Documents/Collections/Dental/STS-Tooth/STS-3D-Tooth/Integrity/Unlabeled/Image/Integrity_U_143.nii.gz,STS-Tooth_Integrity_U_143
STS-Tooth,STS-3D-Tooth/Integrity/Unlabeled/Image/,Integrity_U_144.nii.gz,/home/vlab/Documents/Collections/Dental/STS-Tooth/STS-3D-Tooth/Integrity/Unlabeled/Image/Integrity_U_144.nii.gz,STS-Tooth_Integrity_U_144
STS-Tooth,STS-3D-Tooth/Integrity/Unlabeled/Image/,Integrity_U_145.nii.gz,/home/vlab/Documents/Collections/Dental/STS-Tooth/STS-3D-Tooth/Integrity/Unlabeled/Image/Integrity_U_145.nii.gz,STS-Tooth_Integrity_U_145
STS-Tooth,STS-3D-Tooth/Integrity/Unlabeled/Image/,Integrity_U_146.nii.gz,/home/vlab/Documents/Collections/Dental/STS-Tooth/STS-3D-Tooth/Integrity/Unlabeled/Image/Integrity_U_146.nii.gz,STS-Tooth_Integrity_U_146
STS-Tooth,STS-3D-Tooth/Integrity/Unlabeled/Image/,Integrity_U_147.nii.gz,/home/vlab/Documents/Collections/Dental/STS-Tooth/STS-3D-Tooth/Integrity/Unlabeled/Image/Integrity_U_147.nii.gz,STS-Tooth_Integrity_U_147
STS-Tooth,STS-3D-Tooth/Integrity/Unlabeled/Image/,Integrity_U_148.nii.gz,/home/vlab/Documents/Collections/Dental/STS-Tooth/STS-3D-Tooth/Integrity/Unlabeled/Image/Integrity_U_148.nii.gz,STS-Tooth_Integrity_U_148
STS-Tooth,STS-3D-Tooth/Integrity/Unlabeled/Image/,Integrity_U_149.nii.gz,/home/vlab/Documents/Collections/Dental/STS-Tooth/STS-3D-Tooth/Integrity/Unlabeled/Image/Integrity_U_149.nii.gz,STS-Tooth_Integrity_U_149
STS-Tooth,STS-3D-Tooth/Integrity/Unlabeled/Image/,Integrity_U_150.nii.gz,/home/vlab/Documents/Collections/Dental/STS-Tooth/STS-3D-Tooth/Integrity/Unlabeled/Image/Integrity_U_150.nii.gz,STS-Tooth_Integrity_U_150
STS-Tooth,STS-3D-Tooth/Integrity/Unlabeled/Image/,Integrity_U_151.nii.gz,/home/vlab/Documents/Collections/Dental/STS-Tooth/STS-3D-Tooth/Integrity/Unlabeled/Image/Integrity_U_151.nii.gz,STS-Tooth_Integrity_U_151
STS-Tooth,STS-3D-Tooth/Integrity/Unlabeled/Image/,Integrity_U_152.nii.gz,/home/vlab/Documents/Collections/Dental/STS-Tooth/STS-3D-Tooth/Integrity/Unlabeled/Image/Integrity_U_152.nii.gz,STS-Tooth_Integrity_U_152
STS-Tooth,STS-3D-Tooth/Integrity/Unlabeled/Image/,Integrity_U_153.nii.gz,/home/vlab/Documents/Collections/Dental/STS-Tooth/STS-3D-Tooth/Integrity/Unlabeled/Image/Integrity_U_153.nii.gz,STS-Tooth_Integrity_U_153
STS-Tooth,STS-3D-Tooth/Integrity/Unlabeled/Image/,Integrity_U_154.nii.gz,/home/vlab/Documents/Collections/Dental/STS-Tooth/STS-3D-Tooth/Integrity/Unlabeled/Image/Integrity_U_154.nii.gz,STS-Tooth_Integrity_U_154
STS-Tooth,STS-3D-Tooth/Integrity/Unlabeled/Image/,Integrity_U_155.nii.gz,/home/vlab/Documents/Collections/Dental/STS-Tooth/STS-3D-Tooth/Integrity/Unlabeled/Image/Integrity_U_155.nii.gz,STS-Tooth_Integrity_U_155
STS-Tooth,STS-3D-Tooth/Integrity/Unlabeled/Image/,Integrity_U_156.nii.gz,/home/vlab/Documents/Collections/Dental/STS-Tooth/STS-3D-Tooth/Integrity/Unlabeled/Image/Integrity_U_156.nii.gz,STS-Tooth_Integrity_U_156
STS-Tooth,STS-3D-Tooth/Integrity/Unlabeled/Image/,Integrity_U_157.nii.gz,/home/vlab/Documents/Collections/Dental/STS-Tooth/STS-3D-Tooth/Integrity/Unlabeled/Image/Integrity_U_157.nii.gz,STS-Tooth_Integrity_U_157
STS-Tooth,STS-3D-Tooth/Integrity/Unlabeled/Image/,Integrity_U_158.nii.gz,/home/vlab/Documents/Collections/Dental/STS-Tooth/STS-3D-Tooth/Integrity/Unlabeled/Image/Integrity_U_158.nii.gz,STS-Tooth_Integrity_U_158
STS-Tooth,STS-3D-Tooth/Integrity/Unlabeled/Image/,Integrity_U_159.nii.gz,/home/vlab/Documents/Collections/Dental/STS-Tooth/STS-3D-Tooth/Integrity/Unlabeled/Image/Integrity_U_159.nii.gz,STS-Tooth_Integrity_U_159
STS-Tooth,STS-3D-Tooth/Integrity/Unlabeled/Image/,Integrity_U_160.nii.gz,/home/vlab/Documents/Collections/Dental/STS-Tooth/STS-3D-Tooth/Integrity/Unlabeled/Image/Integrity_U_160.nii.gz,STS-Tooth_Integrity_U_160
STS-Tooth,STS-3D-Tooth/Integrity/Unlabeled/Image/,Integrity_U_161.nii.gz,/home/vlab/Documents/Collections/Dental/STS-Tooth/STS-3D-Tooth/Integrity/Unlabeled/Image/Integrity_U_161.nii.gz,STS-Tooth_Integrity_U_161
STS-Tooth,STS-3D-Tooth/Integrity/Unlabeled/Image/,Integrity_U_162.nii.gz,/home/vlab/Documents/Collections/Dental/STS-Tooth/STS-3D-Tooth/Integrity/Unlabeled/Image/Integrity_U_162.nii.gz,STS-Tooth_Integrity_U_162
STS-Tooth,STS-3D-Tooth/Integrity/Unlabeled/Image/,Integrity_U_163.nii.gz,/home/vlab/Documents/Collections/Dental/STS-Tooth/STS-3D-Tooth/Integrity/Unlabeled/Image/Integrity_U_163.nii.gz,STS-Tooth_Integrity_U_163
STS-Tooth,STS-3D-Tooth/Integrity/Unlabeled/Image/,Integrity_U_164.nii.gz,/home/vlab/Documents/Collections/Dental/STS-Tooth/STS-3D-Tooth/Integrity/Unlabeled/Image/Integrity_U_164.nii.gz,STS-Tooth_Integrity_U_164
STS-Tooth,STS-3D-Tooth/Integrity/Unlabeled/Image/,Integrity_U_165.nii.gz,/home/vlab/Documents/Collections/Dental/STS-Tooth/STS-3D-Tooth/Integrity/Unlabeled/Image/Integrity_U_165.nii.gz,STS-Tooth_Integrity_U_165
STS-Tooth,STS-3D-Tooth/Integrity/Unlabeled/Image/,Integrity_U_166.nii.gz,/home/vlab/Documents/Collections/Dental/STS-Tooth/STS-3D-Tooth/Integrity/Unlabeled/Image/Integrity_U_166.nii.gz,STS-Tooth_Integrity_U_166
STS-Tooth,STS-3D-Tooth/Integrity/Unlabeled/Image/,Integrity_U_167.nii.gz,/home/vlab/Documents/Collections/Dental/STS-Tooth/STS-3D-Tooth/Integrity/Unlabeled/Image/Integrity_U_167.nii.gz,STS-Tooth_Integrity_U_167
STS-Tooth,STS-3D-Tooth/Integrity/Unlabeled/Image/,Integrity_U_168.nii.gz,/home/vlab/Documents/Collections/Dental/STS-Tooth/STS-3D-Tooth/Integrity/Unlabeled/Image/Integrity_U_168.nii.gz,STS-Tooth_Integrity_U_168
STS-Tooth,STS-3D-Tooth/Integrity/Unlabeled/Image/,Integrity_U_169.nii.gz,/home/vlab/Documents/Collections/Dental/STS-Tooth/STS-3D-Tooth/Integrity/Unlabeled/Image/Integrity_U_169.nii.gz,STS-Tooth_Integrity_U_169
STS-Tooth,STS-3D-Tooth/Integrity/Unlabeled/Image/,Integrity_U_170.nii.gz,/home/vlab/Documents/Collections/Dental/STS-Tooth/STS-3D-Tooth/Integrity/Unlabeled/Image/Integrity_U_170.nii.gz,STS-Tooth_Integrity_U_170
STS-Tooth,STS-3D-Tooth/Integrity/Unlabeled/Image/,Integrity_U_171.nii.gz,/home/vlab/Documents/Collections/Dental/STS-Tooth/STS-3D-Tooth/Integrity/Unlabeled/Image/Integrity_U_171.nii.gz,STS-Tooth_Integrity_U_171
STS-Tooth,STS-3D-Tooth/Integrity/Unlabeled/Image/,Integrity_U_172.nii.gz,/home/vlab/Documents/Collections/Dental/STS-Tooth/STS-3D-Tooth/Integrity/Unlabeled/Image/Integrity_U_172.nii.gz,STS-Tooth_Integrity_U_172
STS-Tooth,STS-3D-Tooth/Integrity/Unlabeled/Image/,Integrity_U_173.nii.gz,/home/vlab/Documents/Collections/Dental/STS-Tooth/STS-3D-Tooth/Integrity/Unlabeled/Image/Integrity_U_173.nii.gz,STS-Tooth_Integrity_U_173
STS-Tooth,STS-3D-Tooth/Integrity/Unlabeled/Image/,Integrity_U_174.nii.gz,/home/vlab/Documents/Collections/Dental/STS-Tooth/STS-3D-Tooth/Integrity/Unlabeled/Image/Integrity_U_174.nii.gz,STS-Tooth_Integrity_U_174
STS-Tooth,STS-3D-Tooth/Integrity/Unlabeled/Image/,Integrity_U_175.nii.gz,/home/vlab/Documents/Collections/Dental/STS-Tooth/STS-3D-Tooth/Integrity/Unlabeled/Image/Integrity_U_175.nii.gz,STS-Tooth_Integrity_U_175
STS-Tooth,STS-3D-Tooth/Integrity/Unlabeled/Image/,Integrity_U_176.nii.gz,/home/vlab/Documents/Collections/Dental/STS-Tooth/STS-3D-Tooth/Integrity/Unlabeled/Image/Integrity_U_176.nii.gz,STS-Tooth_Integrity_U_176
STS-Tooth,STS-3D-Tooth/Integrity/Unlabeled/Image/,Integrity_U_177.nii.gz,/home/vlab/Documents/Collections/Dental/STS-Tooth/STS-3D-Tooth/Integrity/Unlabeled/Image/Integrity_U_177.nii.gz,STS-Tooth_Integrity_U_177
STS-Tooth,STS-3D-Tooth/Integrity/Unlabeled/Image/,Integrity_U_178.nii.gz,/home/vlab/Documents/Collections/Dental/STS-Tooth/STS-3D-Tooth/Integrity/Unlabeled/Image/Integrity_U_178.nii.gz,STS-Tooth_Integrity_U_178
STS-Tooth,STS-3D-Tooth/Integrity/Unlabeled/Image/,Integrity_U_179.nii.gz,/home/vlab/Documents/Collections/Dental/STS-Tooth/STS-3D-Tooth/Integrity/Unlabeled/Image/Integrity_U_179.nii.gz,STS-Tooth_Integrity_U_179
STS-Tooth,STS-3D-Tooth/Integrity/Unlabeled/Image/,Integrity_U_180.nii.gz,/home/vlab/Documents/Collections/Dental/STS-Tooth/STS-3D-Tooth/Integrity/Unlabeled/Image/Integrity_U_180.nii.gz,STS-Tooth_Integrity_U_180
STS-Tooth,STS-3D-Tooth/Integrity/Unlabeled/Image/,Integrity_U_181.nii.gz,/home/vlab/Documents/Collections/Dental/STS-Tooth/STS-3D-Tooth/Integrity/Unlabeled/Image/Integrity_U_181.nii.gz,STS-Tooth_Integrity_U_181
STS-Tooth,STS-3D-Tooth/Integrity/Unlabeled/Image/,Integrity_U_182.nii.gz,/home/vlab/Documents/Collections/Dental/STS-Tooth/STS-3D-Tooth/Integrity/Unlabeled/Image/Integrity_U_182.nii.gz,STS-Tooth_Integrity_U_182
STS-Tooth,STS-3D-Tooth/Integrity/Unlabeled/Image/,Integrity_U_183.nii.gz,/home/vlab/Documents/Collections/Dental/STS-Tooth/STS-3D-Tooth/Integrity/Unlabeled/Image/Integrity_U_183.nii.gz,STS-Tooth_Integrity_U_183
STS-Tooth,STS-3D-Tooth/Integrity/Unlabeled/Image/,Integrity_U_184.nii.gz,/home/vlab/Documents/Collections/Dental/STS-Tooth/STS-3D-Tooth/Integrity/Unlabeled/Image/Integrity_U_184.nii.gz,STS-Tooth_Integrity_U_184
STS-Tooth,STS-3D-Tooth/Integrity/Unlabeled/Image/,Integrity_U_185.nii.gz,/home/vlab/Documents/Collections/Dental/STS-Tooth/STS-3D-Tooth/Integrity/Unlabeled/Image/Integrity_U_185.nii.gz,STS-Tooth_Integrity_U_185
STS-Tooth,STS-3D-Tooth/Integrity/Unlabeled/Image/,Integrity_U_186.nii.gz,/home/vlab/Documents/Collections/Dental/STS-Tooth/STS-3D-Tooth/Integrity/Unlabeled/Image/Integrity_U_186.nii.gz,STS-Tooth_Integrity_U_186
STS-Tooth,STS-3D-Tooth/Integrity/Unlabeled/Image/,Integrity_U_187.nii.gz,/home/vlab/Documents/Collections/Dental/STS-Tooth/STS-3D-Tooth/Integrity/Unlabeled/Image/Integrity_U_187.nii.gz,STS-Tooth_Integrity_U_187
STS-Tooth,STS-3D-Tooth/Integrity/Unlabeled/Image/,Integrity_U_188.nii.gz,/home/vlab/Documents/Collections/Dental/STS-Tooth/STS-3D-Tooth/Integrity/Unlabeled/Image/Integrity_U_188.nii.gz,STS-Tooth_Integrity_U_188
STS-Tooth,STS-3D-Tooth/Integrity/Unlabeled/Image/,Integrity_U_189.nii.gz,/home/vlab/Documents/Collections/Dental/STS-Tooth/STS-3D-Tooth/Integrity/Unlabeled/Image/Integrity_U_189.nii.gz,STS-Tooth_Integrity_U_189
STS-Tooth,STS-3D-Tooth/Integrity/Unlabeled/Image/,Integrity_U_190.nii.gz,/home/vlab/Documents/Collections/Dental/STS-Tooth/STS-3D-Tooth/Integrity/Unlabeled/Image/Integrity_U_190.nii.gz,STS-Tooth_Integrity_U_190
STS-Tooth,STS-3D-Tooth/Integrity/Unlabeled/Image/,Integrity_U_191.nii.gz,/home/vlab/Documents/Collections/Dental/STS-Tooth/STS-3D-Tooth/Integrity/Unlabeled/Image/Integrity_U_191.nii.gz,STS-Tooth_Integrity_U_191
STS-Tooth,STS-3D-Tooth/Integrity/Unlabeled/Image/,Integrity_U_192.nii.gz,/home/vlab/Documents/Collections/Dental/STS-Tooth/STS-3D-Tooth/Integrity/Unlabeled/Image/Integrity_U_192.nii.gz,STS-Tooth_Integrity_U_192
STS-Tooth,STS-3D-Tooth/Integrity/Unlabeled/Image/,Integrity_U_193.nii.gz,/home/vlab/Documents/Collections/Dental/STS-Tooth/STS-3D-Tooth/Integrity/Unlabeled/Image/Integrity_U_193.nii.gz,STS-Tooth_Integrity_U_193
STS-Tooth,STS-3D-Tooth/Integrity/Unlabeled/Image/,Integrity_U_194.nii.gz,/home/vlab/Documents/Collections/Dental/STS-Tooth/STS-3D-Tooth/Integrity/Unlabeled/Image/Integrity_U_194.nii.gz,STS-Tooth_Integrity_U_194
STS-Tooth,STS-3D-Tooth/Integrity/Unlabeled/Image/,Integrity_U_195.nii.gz,/home/vlab/Documents/Collections/Dental/STS-Tooth/STS-3D-Tooth/Integrity/Unlabeled/Image/Integrity_U_195.nii.gz,STS-Tooth_Integrity_U_195
STS-Tooth,STS-3D-Tooth/Integrity/Unlabeled/Image/,Integrity_U_196.nii.gz,/home/vlab/Documents/Collections/Dental/STS-Tooth/STS-3D-Tooth/Integrity/Unlabeled/Image/Integrity_U_196.nii.gz,STS-Tooth_Integrity_U_196
STS-Tooth,STS-3D-Tooth/Integrity/Unlabeled/Image/,Integrity_U_197.nii.gz,/home/vlab/Documents/Collections/Dental/STS-Tooth/STS-3D-Tooth/Integrity/Unlabeled/Image/Integrity_U_197.nii.gz,STS-Tooth_Integrity_U_197
STS-Tooth,STS-3D-Tooth/Integrity/Unlabeled/Image/,Integrity_U_198.nii.gz,/home/vlab/Documents/Collections/Dental/STS-Tooth/STS-3D-Tooth/Integrity/Unlabeled/Image/Integrity_U_198.nii.gz,STS-Tooth_Integrity_U_198
STS-Tooth,STS-3D-Tooth/Integrity/Unlabeled/Image/,Integrity_U_199.nii.gz,/home/vlab/Documents/Collections/Dental/STS-Tooth/STS-3D-Tooth/Integrity/Unlabeled/Image/Integrity_U_199.nii.gz,STS-Tooth_Integrity_U_199
STS-Tooth,STS-3D-Tooth/Integrity/Unlabeled/Image/,Integrity_U_200.nii.gz,/home/vlab/Documents/Collections/Dental/STS-Tooth/STS-3D-Tooth/Integrity/Unlabeled/Image/Integrity_U_200.nii.gz,STS-Tooth_Integrity_U_200
STS-Tooth,STS-3D-Tooth/Integrity/Unlabeled/Image/,Integrity_U_201.nii.gz,/home/vlab/Documents/Collections/Dental/STS-Tooth/STS-3D-Tooth/Integrity/Unlabeled/Image/Integrity_U_201.nii.gz,STS-Tooth_Integrity_U_201
STS-Tooth,STS-3D-Tooth/Integrity/Unlabeled/Image/,Integrity_U_202.nii.gz,/home/vlab/Documents/Collections/Dental/STS-Tooth/STS-3D-Tooth/Integrity/Unlabeled/Image/Integrity_U_202.nii.gz,STS-Tooth_Integrity_U_202
STS-Tooth,STS-3D-Tooth/Integrity/Unlabeled/Image/,Integrity_U_203.nii.gz,/home/vlab/Documents/Collections/Dental/STS-Tooth/STS-3D-Tooth/Integrity/Unlabeled/Image/Integrity_U_203.nii.gz,STS-Tooth_Integrity_U_203
STS-Tooth,STS-3D-Tooth/Integrity/Unlabeled/Image/,Integrity_U_204.nii.gz,/home/vlab/Documents/Collections/Dental/STS-Tooth/STS-3D-Tooth/Integrity/Unlabeled/Image/Integrity_U_204.nii.gz,STS-Tooth_Integrity_U_204
STS-Tooth,STS-3D-Tooth/Integrity/Unlabeled/Image/,Integrity_U_205.nii.gz,/home/vlab/Documents/Collections/Dental/STS-Tooth/STS-3D-Tooth/Integrity/Unlabeled/Image/Integrity_U_205.nii.gz,STS-Tooth_Integrity_U_205
STS-Tooth,STS-3D-Tooth/Integrity/Unlabeled/Image/,Integrity_U_206.nii.gz,/home/vlab/Documents/Collections/Dental/STS-Tooth/STS-3D-Tooth/Integrity/Unlabeled/Image/Integrity_U_206.nii.gz,STS-Tooth_Integrity_U_206
STS-Tooth,STS-3D-Tooth/Integrity/Unlabeled/Image/,Integrity_U_207.nii.gz,/home/vlab/Documents/Collections/Dental/STS-Tooth/STS-3D-Tooth/Integrity/Unlabeled/Image/Integrity_U_207.nii.gz,STS-Tooth_Integrity_U_207
STS-Tooth,STS-3D-Tooth/Integrity/Unlabeled/Image/,Integrity_U_208.nii.gz,/home/vlab/Documents/Collections/Dental/STS-Tooth/STS-3D-Tooth/Integrity/Unlabeled/Image/Integrity_U_208.nii.gz,STS-Tooth_Integrity_U_208
STS-Tooth,STS-3D-Tooth/Integrity/Unlabeled/Image/,Integrity_U_209.nii.gz,/home/vlab/Documents/Collections/Dental/STS-Tooth/STS-3D-Tooth/Integrity/Unlabeled/Image/Integrity_U_209.nii.gz,STS-Tooth_Integrity_U_209
STS-Tooth,STS-3D-Tooth/Integrity/Unlabeled/Image/,Integrity_U_210.nii.gz,/home/vlab/Documents/Collections/Dental/STS-Tooth/STS-3D-Tooth/Integrity/Unlabeled/Image/Integrity_U_210.nii.gz,STS-Tooth_Integrity_U_210
STS-Tooth,STS-3D-Tooth/Integrity/Unlabeled/Image/,Integrity_U_211.nii.gz,/home/vlab/Documents/Collections/Dental/STS-Tooth/STS-3D-Tooth/Integrity/Unlabeled/Image/Integrity_U_211.nii.gz,STS-Tooth_Integrity_U_211
STS-Tooth,STS-3D-Tooth/Integrity/Unlabeled/Image/,Integrity_U_212.nii.gz,/home/vlab/Documents/Collections/Dental/STS-Tooth/STS-3D-Tooth/Integrity/Unlabeled/Image/Integrity_U_212.nii.gz,STS-Tooth_Integrity_U_212
STS-Tooth,STS-3D-Tooth/Integrity/Unlabeled/Image/,Integrity_U_213.nii.gz,/home/vlab/Documents/Collections/Dental/STS-Tooth/STS-3D-Tooth/Integrity/Unlabeled/Image/Integrity_U_213.nii.gz,STS-Tooth_Integrity_U_213
STS-Tooth,STS-3D-Tooth/Integrity/Unlabeled/Image/,Integrity_U_214.nii.gz,/home/vlab/Documents/Collections/Dental/STS-Tooth/STS-3D-Tooth/Integrity/Unlabeled/Image/Integrity_U_214.nii.gz,STS-Tooth_Integrity_U_214
STS-Tooth,STS-3D-Tooth/Integrity/Unlabeled/Image/,Integrity_U_215.nii.gz,/home/vlab/Documents/Collections/Dental/STS-Tooth/STS-3D-Tooth/Integrity/Unlabeled/Image/Integrity_U_215.nii.gz,STS-Tooth_Integrity_U_215
STS-Tooth,STS-3D-Tooth/Integrity/Unlabeled/Image/,Integrity_U_216.nii.gz,/home/vlab/Documents/Collections/Dental/STS-Tooth/STS-3D-Tooth/Integrity/Unlabeled/Image/Integrity_U_216.nii.gz,STS-Tooth_Integrity_U_216
STS-Tooth,STS-3D-Tooth/Integrity/Unlabeled/Image/,Integrity_U_217.nii.gz,/home/vlab/Documents/Collections/Dental/STS-Tooth/STS-3D-Tooth/Integrity/Unlabeled/Image/Integrity_U_217.nii.gz,STS-Tooth_Integrity_U_217
STS-Tooth,STS-3D-Tooth/Integrity/Unlabeled/Image/,Integrity_U_218.nii.gz,/home/vlab/Documents/Collections/Dental/STS-Tooth/STS-3D-Tooth/Integrity/Unlabeled/Image/Integrity_U_218.nii.gz,STS-Tooth_Integrity_U_218
STS-Tooth,STS-3D-Tooth/Integrity/Unlabeled/Image/,Integrity_U_219.nii.gz,/home/vlab/Documents/Collections/Dental/STS-Tooth/STS-3D-Tooth/Integrity/Unlabeled/Image/Integrity_U_219.nii.gz,STS-Tooth_Integrity_U_219
STS-Tooth,STS-3D-Tooth/Integrity/Unlabeled/Image/,Integrity_U_220.nii.gz,/home/vlab/Documents/Collections/Dental/STS-Tooth/STS-3D-Tooth/Integrity/Unlabeled/Image/Integrity_U_220.nii.gz,STS-Tooth_Integrity_U_220
STS-Tooth,STS-3D-Tooth/Integrity/Unlabeled/Image/,Integrity_U_221.nii.gz,/home/vlab/Documents/Collections/Dental/STS-Tooth/STS-3D-Tooth/Integrity/Unlabeled/Image/Integrity_U_221.nii.gz,STS-Tooth_Integrity_U_221
STS-Tooth,STS-3D-Tooth/Integrity/Unlabeled/Image/,Integrity_U_222.nii.gz,/home/vlab/Documents/Collections/Dental/STS-Tooth/STS-3D-Tooth/Integrity/Unlabeled/Image/Integrity_U_222.nii.gz,STS-Tooth_Integrity_U_222
STS-Tooth,STS-3D-Tooth/Integrity/Unlabeled/Image/,Integrity_U_223.nii.gz,/home/vlab/Documents/Collections/Dental/STS-Tooth/STS-3D-Tooth/Integrity/Unlabeled/Image/Integrity_U_223.nii.gz,STS-Tooth_Integrity_U_223
STS-Tooth,STS-3D-Tooth/Integrity/Unlabeled/Image/,Integrity_U_224.nii.gz,/home/vlab/Documents/Collections/Dental/STS-Tooth/STS-3D-Tooth/Integrity/Unlabeled/Image/Integrity_U_224.nii.gz,STS-Tooth_Integrity_U_224
STS-Tooth,STS-3D-Tooth/Integrity/Unlabeled/Image/,Integrity_U_225.nii.gz,/home/vlab/Documents/Collections/Dental/STS-Tooth/STS-3D-Tooth/Integrity/Unlabeled/Image/Integrity_U_225.nii.gz,STS-Tooth_Integrity_U_225
STS-Tooth,STS-3D-Tooth/Integrity/Unlabeled/Image/,Integrity_U_226.nii.gz,/home/vlab/Documents/Collections/Dental/STS-Tooth/STS-3D-Tooth/Integrity/Unlabeled/Image/Integrity_U_226.nii.gz,STS-Tooth_Integrity_U_226
STS-Tooth,STS-3D-Tooth/Integrity/Unlabeled/Image/,Integrity_U_227.nii.gz,/home/vlab/Documents/Collections/Dental/STS-Tooth/STS-3D-Tooth/Integrity/Unlabeled/Image/Integrity_U_227.nii.gz,STS-Tooth_Integrity_U_227
STS-Tooth,STS-3D-Tooth/Integrity/Unlabeled/Image/,Integrity_U_228.nii.gz,/home/vlab/Documents/Collections/Dental/STS-Tooth/STS-3D-Tooth/Integrity/Unlabeled/Image/Integrity_U_228.nii.gz,STS-Tooth_Integrity_U_228
STS-Tooth,STS-3D-Tooth/Integrity/Unlabeled/Image/,Integrity_U_229.nii.gz,/home/vlab/Documents/Collections/Dental/STS-Tooth/STS-3D-Tooth/Integrity/Unlabeled/Image/Integrity_U_229.nii.gz,STS-Tooth_Integrity_U_229
STS-Tooth,STS-3D-Tooth/Integrity/Unlabeled/Image/,Integrity_U_230.nii.gz,/home/vlab/Documents/Collections/Dental/STS-Tooth/STS-3D-Tooth/Integrity/Unlabeled/Image/Integrity_U_230.nii.gz,STS-Tooth_Integrity_U_230
Xiang_li,001/001_cbct,001_cbct.nii.gz,/home/vlab/Documents/Collections/Dental/Xiang_li/001/001_cbct/001_cbct.nii.gz,Xiang_li_001_cbct
Xiang_li,002/002_cbct,002_cbct.nii.gz,/home/vlab/Documents/Collections/Dental/Xiang_li/002/002_cbct/002_cbct.nii.gz,Xiang_li_002_cbct
Xiang_li,003/003_cbct,003_cbct.nii.gz,/home/vlab/Documents/Collections/Dental/Xiang_li/003/003_cbct/003_cbct.nii.gz,Xiang_li_003_cbct
Xiang_li,004/004_cbct,004_cbct.nii.gz,/home/vlab/Documents/Collections/Dental/Xiang_li/004/004_cbct/004_cbct.nii.gz,Xiang_li_004_cbct
Xiang_li,005/005_cbct,005_cbct.nii.gz,/home/vlab/Documents/Collections/Dental/Xiang_li/005/005_cbct/005_cbct.nii.gz,Xiang_li_005_cbct
Xiang_li,006/006_cbct,006_cbct.nii.gz,/home/vlab/Documents/Collections/Dental/Xiang_li/006/006_cbct/006_cbct.nii.gz,Xiang_li_006_cbct
Xiang_li,007/007_cbct,007_cbct.nii.gz,/home/vlab/Documents/Collections/Dental/Xiang_li/007/007_cbct/007_cbct.nii.gz,Xiang_li_007_cbct
Xiang_li,008/008_cbct,008_cbct.nii.gz,/home/vlab/Documents/Collections/Dental/Xiang_li/008/008_cbct/008_cbct.nii.gz,Xiang_li_008_cbct
Xiang_li,009/009_cbct,009_cbct.nii.gz,/home/vlab/Documents/Collections/Dental/Xiang_li/009/009_cbct/009_cbct.nii.gz,Xiang_li_009_cbct
Xiang_li,011/011_cbct,011_cbct.nii.gz,/home/vlab/Documents/Collections/Dental/Xiang_li/011/011_cbct/011_cbct.nii.gz,Xiang_li_011_cbct
Xiang_li,012/012_cbct,012_cbct.nii.gz,/home/vlab/Documents/Collections/Dental/Xiang_li/012/012_cbct/012_cbct.nii.gz,Xiang_li_012_cbct
Xiang_li,013/013_cbct,013_cbct.nii.gz,/home/vlab/Documents/Collections/Dental/Xiang_li/013/013_cbct/013_cbct.nii.gz,Xiang_li_013_cbct
Xiang_li,014/014_cbct,014_cbct.nii.gz,/home/vlab/Documents/Collections/Dental/Xiang_li/014/014_cbct/014_cbct.nii.gz,Xiang_li_014_cbct
Xiang_li,015/015_cbct,015_cbct.nii.gz,/home/vlab/Documents/Collections/Dental/Xiang_li/015/015_cbct/015_cbct.nii.gz,Xiang_li_015_cbct
Xiang_li,016/016_cbct,016_cbct.nii.gz,/home/vlab/Documents/Collections/Dental/Xiang_li/016/016_cbct/016_cbct.nii.gz,Xiang_li_016_cbct
Xiang_li,017/017_cbct,017_cbct.nii.gz,/home/vlab/Documents/Collections/Dental/Xiang_li/017/017_cbct/017_cbct.nii.gz,Xiang_li_017_cbct
Xiang_li,018/018_cbct,018_cbct.nii.gz,/home/vlab/Documents/Collections/Dental/Xiang_li/018/018_cbct/018_cbct.nii.gz,Xiang_li_018_cbct
Xiang_li,019/019_cbct,019_cbct.nii.gz,/home/vlab/Documents/Collections/Dental/Xiang_li/019/019_cbct/019_cbct.nii.gz,Xiang_li_019_cbct
Xiang_li,020/020_cbct,020_cbct.nii.gz,/home/vlab/Documents/Collections/Dental/Xiang_li/020/020_cbct/020_cbct.nii.gz,Xiang_li_020_cbct
Xiang_li,021/021_cbct,021_cbct.nii.gz,/home/vlab/Documents/Collections/Dental/Xiang_li/021/021_cbct/021_cbct.nii.gz,Xiang_li_021_cbct
Xiang_li,022/022_cbct,022_cbct.nii.gz,/home/vlab/Documents/Collections/Dental/Xiang_li/022/022_cbct/022_cbct.nii.gz,Xiang_li_022_cbct
Xiang_li,023/023_cbct,023_cbct.nii.gz,/home/vlab/Documents/Collections/Dental/Xiang_li/023/023_cbct/023_cbct.nii.gz,Xiang_li_023_cbct
Xiang_li,024/024_cbct,024_cbct.nii.gz,/home/vlab/Documents/Collections/Dental/Xiang_li/024/024_cbct/024_cbct.nii.gz,Xiang_li_024_cbct
Xiang_li,025/025_cbct,025_cbct.nii.gz,/home/vlab/Documents/Collections/Dental/Xiang_li/025/025_cbct/025_cbct.nii.gz,Xiang_li_025_cbct
Xiang_li,026/026_cbct,026_cbct.nii.gz,/home/vlab/Documents/Collections/Dental/Xiang_li/026/026_cbct/026_cbct.nii.gz,Xiang_li_026_cbct
Xiang_li,027/027_cbct,027_cbct.nii.gz,/home/vlab/Documents/Collections/Dental/Xiang_li/027/027_cbct/027_cbct.nii.gz,Xiang_li_027_cbct
Xiang_li,028/028_cbct,028_cbct.nii.gz,/home/vlab/Documents/Collections/Dental/Xiang_li/028/028_cbct/028_cbct.nii.gz,Xiang_li_028_cbct
Xiang_li,029/029_cbct,029_cbct.nii.gz,/home/vlab/Documents/Collections/Dental/Xiang_li/029/029_cbct/029_cbct.nii.gz,Xiang_li_029_cbct
Xiang_li,031/031_cbct,031_cbct.nii.gz,/home/vlab/Documents/Collections/Dental/Xiang_li/031/031_cbct/031_cbct.nii.gz,Xiang_li_031_cbct
Xiang_li,033/033_cbct,033_cbct.nii.gz,/home/vlab/Documents/Collections/Dental/Xiang_li/033/033_cbct/033_cbct.nii.gz,Xiang_li_033_cbct
Xiang_li,034/034_cbct,034_cbct.nii.gz,/home/vlab/Documents/Collections/Dental/Xiang_li/034/034_cbct/034_cbct.nii.gz,Xiang_li_034_cbct
Xiang_li,035/035_cbct,035_cbct.nii.gz,/home/vlab/Documents/Collections/Dental/Xiang_li/035/035_cbct/035_cbct.nii.gz,Xiang_li_035_cbct
Xiang_li,036/036_cbct,036_cbct.nii.gz,/home/vlab/Documents/Collections/Dental/Xiang_li/036/036_cbct/036_cbct.nii.gz,Xiang_li_036_cbct
Xiang_li,038/038_cbct,038_cbct.nii.gz,/home/vlab/Documents/Collections/Dental/Xiang_li/038/038_cbct/038_cbct.nii.gz,Xiang_li_038_cbct
Xiang_li,039/039_cbct,039_cbct.nii.gz,/home/vlab/Documents/Collections/Dental/Xiang_li/039/039_cbct/039_cbct.nii.gz,Xiang_li_039_cbct
Xiang_li,040/040_cbct,040_cbct.nii.gz,/home/vlab/Documents/Collections/Dental/Xiang_li/040/040_cbct/040_cbct.nii.gz,Xiang_li_040_cbct
Xiang_li,041/041_cbct,041_cbct.nii.gz,/home/vlab/Documents/Collections/Dental/Xiang_li/041/041_cbct/041_cbct.nii.gz,Xiang_li_041_cbct
Xiang_li,042/042_cbct,042_cbct.nii.gz,/home/vlab/Documents/Collections/Dental/Xiang_li/042/042_cbct/042_cbct.nii.gz,Xiang_li_042_cbct
Xiang_li,043/043_cbct,043_cbct.nii.gz,/home/vlab/Documents/Collections/Dental/Xiang_li/043/043_cbct/043_cbct.nii.gz,Xiang_li_043_cbct
Xiang_li,044/044_cbct,044_cbct.nii.gz,/home/vlab/Documents/Collections/Dental/Xiang_li/044/044_cbct/044_cbct.nii.gz,Xiang_li_044_cbct
Xiang_li,045/045_cbct,045_cbct.nii.gz,/home/vlab/Documents/Collections/Dental/Xiang_li/045/045_cbct/045_cbct.nii.gz,Xiang_li_045_cbct
Xiang_li,046/046_cbct,046_cbct.nii.gz,/home/vlab/Documents/Collections/Dental/Xiang_li/046/046_cbct/046_cbct.nii.gz,Xiang_li_046_cbct
Xiang_li,047/047_cbct,047_cbct.nii.gz,/home/vlab/Documents/Collections/Dental/Xiang_li/047/047_cbct/047_cbct.nii.gz,Xiang_li_047_cbct
Xiang_li,048/048_cbct,048_cbct.nii.gz,/home/vlab/Documents/Collections/Dental/Xiang_li/048/048_cbct/048_cbct.nii.gz,Xiang_li_048_cbct
Xiang_li,049/049_cbct,049_cbct.nii.gz,/home/vlab/Documents/Collections/Dental/Xiang_li/049/049_cbct/049_cbct.nii.gz,Xiang_li_049_cbct
Xiang_li,050/050_cbct,050_cbct.nii.gz,/home/vlab/Documents/Collections/Dental/Xiang_li/050/050_cbct/050_cbct.nii.gz,Xiang_li_050_cbct
Xiang_li,051/051_cbct,051_cbct.nii.gz,/home/vlab/Documents/Collections/Dental/Xiang_li/051/051_cbct/051_cbct.nii.gz,Xiang_li_051_cbct
Xiang_li,052/052_cbct,052_cbct.nii.gz,/home/vlab/Documents/Collections/Dental/Xiang_li/052/052_cbct/052_cbct.nii.gz,Xiang_li_052_cbct
Xiang_li,053/053_cbct,053_cbct.nii.gz,/home/vlab/Documents/Collections/Dental/Xiang_li/053/053_cbct/053_cbct.nii.gz,Xiang_li_053_cbct
Xiang_li,054/054_cbct,054_cbct.nii.gz,/home/vlab/Documents/Collections/Dental/Xiang_li/054/054_cbct/054_cbct.nii.gz,Xiang_li_054_cbct
Xiang_li,055/055_cbct,055_cbct.nii.gz,/home/vlab/Documents/Collections/Dental/Xiang_li/055/055_cbct/055_cbct.nii.gz,Xiang_li_055_cbct
Xiang_li,056/056_cbct,056_cbct.nii.gz,/home/vlab/Documents/Collections/Dental/Xiang_li/056/056_cbct/056_cbct.nii.gz,Xiang_li_056_cbct
Xiang_li,057/057_cbct,057_cbct.nii.gz,/home/vlab/Documents/Collections/Dental/Xiang_li/057/057_cbct/057_cbct.nii.gz,Xiang_li_057_cbct
Xiang_li,058/058_cbct,058_cbct.nii.gz,/home/vlab/Documents/Collections/Dental/Xiang_li/058/058_cbct/058_cbct.nii.gz,Xiang_li_058_cbct
Xiang_li,059/059_cbct,059_cbct.nii.gz,/home/vlab/Documents/Collections/Dental/Xiang_li/059/059_cbct/059_cbct.nii.gz,Xiang_li_059_cbct
Xiang_li,060/060_cbct,060_cbct.nii.gz,/home/vlab/Documents/Collections/Dental/Xiang_li/060/060_cbct/060_cbct.nii.gz,Xiang_li_060_cbct
Xiang_li,061/061_cbct,061_cbct.nii.gz,/home/vlab/Documents/Collections/Dental/Xiang_li/061/061_cbct/061_cbct.nii.gz,Xiang_li_061_cbct
Xiang_li,062/062_cbct,062_cbct.nii.gz,/home/vlab/Documents/Collections/Dental/Xiang_li/062/062_cbct/062_cbct.nii.gz,Xiang_li_062_cbct
Xiang_li,063/063_cbct,063_cbct.nii.gz,/home/vlab/Documents/Collections/Dental/Xiang_li/063/063_cbct/063_cbct.nii.gz,Xiang_li_063_cbct
Xiang_li,064/064_cbct,064_cbct.nii.gz,/home/vlab/Documents/Collections/Dental/Xiang_li/064/064_cbct/064_cbct.nii.gz,Xiang_li_064_cbct
Xiang_li,065/065_cbct,065_cbct.nii.gz,/home/vlab/Documents/Collections/Dental/Xiang_li/065/065_cbct/065_cbct.nii.gz,Xiang_li_065_cbct
Xiang_li,066/066_cbct,066_cbct.nii.gz,/home/vlab/Documents/Collections/Dental/Xiang_li/066/066_cbct/066_cbct.nii.gz,Xiang_li_066_cbct
Xiang_li,067/067_cbct,067_cbct.nii.gz,/home/vlab/Documents/Collections/Dental/Xiang_li/067/067_cbct/067_cbct.nii.gz,Xiang_li_067_cbct
Xiang_li,068/068_cbct,068_cbct.nii.gz,/home/vlab/Documents/Collections/Dental/Xiang_li/068/068_cbct/068_cbct.nii.gz,Xiang_li_068_cbct
Xiang_li,069/069_cbct,069_cbct.nii.gz,/home/vlab/Documents/Collections/Dental/Xiang_li/069/069_cbct/069_cbct.nii.gz,Xiang_li_069_cbct
Xiang_li,070/070_cbct,070_cbct.nii.gz,/home/vlab/Documents/Collections/Dental/Xiang_li/070/070_cbct/070_cbct.nii.gz,Xiang_li_070_cbct
Xiang_li,071/071_cbct,071_cbct.nii.gz,/home/vlab/Documents/Collections/Dental/Xiang_li/071/071_cbct/071_cbct.nii.gz,Xiang_li_071_cbct
Xiang_li,072/072_cbct,072_cbct.nii.gz,/home/vlab/Documents/Collections/Dental/Xiang_li/072/072_cbct/072_cbct.nii.gz,Xiang_li_072_cbct
Xiang_li,073/073_cbct,073_cbct.nii.gz,/home/vlab/Documents/Collections/Dental/Xiang_li/073/073_cbct/073_cbct.nii.gz,Xiang_li_073_cbct
Xiang_li,074/074_cbct,074_cbct.nii.gz,/home/vlab/Documents/Collections/Dental/Xiang_li/074/074_cbct/074_cbct.nii.gz,Xiang_li_074_cbct
Xiang_li,075/075_cbct,075_cbct.nii.gz,/home/vlab/Documents/Collections/Dental/Xiang_li/075/075_cbct/075_cbct.nii.gz,Xiang_li_075_cbct
Xiang_li,076/076_cbct,076_cbct.nii.gz,/home/vlab/Documents/Collections/Dental/Xiang_li/076/076_cbct/076_cbct.nii.gz,Xiang_li_076_cbct
Xiang_li,077/077_cbct,272_cbct.nii.gz,/home/vlab/Documents/Collections/Dental/Xiang_li/077/077_cbct/272_cbct.nii.gz,Xiang_li_272_cbct
Xiang_li,078/078_cbct,078_cbct.nii.gz,/home/vlab/Documents/Collections/Dental/Xiang_li/078/078_cbct/078_cbct.nii.gz,Xiang_li_078_cbct
Xiang_li,080/080_cbct,080_cbct.nii.gz,/home/vlab/Documents/Collections/Dental/Xiang_li/080/080_cbct/080_cbct.nii.gz,Xiang_li_080_cbct
Xiang_li,081/081_cbct,081_cbct.nii.gz,/home/vlab/Documents/Collections/Dental/Xiang_li/081/081_cbct/081_cbct.nii.gz,Xiang_li_081_cbct
Xiang_li,082/082_cbct,082_cbct.nii.gz,/home/vlab/Documents/Collections/Dental/Xiang_li/082/082_cbct/082_cbct.nii.gz,Xiang_li_082_cbct
Xiang_li,084/084_cbct,084_cbct.nii.gz,/home/vlab/Documents/Collections/Dental/Xiang_li/084/084_cbct/084_cbct.nii.gz,Xiang_li_084_cbct
Xiang_li,085/085_cbct,085_cbct.nii.gz,/home/vlab/Documents/Collections/Dental/Xiang_li/085/085_cbct/085_cbct.nii.gz,Xiang_li_085_cbct
Xiang_li,086/086_cbct,086_cbct.nii.gz,/home/vlab/Documents/Collections/Dental/Xiang_li/086/086_cbct/086_cbct.nii.gz,Xiang_li_086_cbct
Xiang_li,087/087_cbct,087_cbct.nii.gz,/home/vlab/Documents/Collections/Dental/Xiang_li/087/087_cbct/087_cbct.nii.gz,Xiang_li_087_cbct
Xiang_li,089/089_cbct,089_cbct.nii.gz,/home/vlab/Documents/Collections/Dental/Xiang_li/089/089_cbct/089_cbct.nii.gz,Xiang_li_089_cbct
Xiang_li,090/090_cbct,090_cbct.nii.gz,/home/vlab/Documents/Collections/Dental/Xiang_li/090/090_cbct/090_cbct.nii.gz,Xiang_li_090_cbct
Xiang_li,091/091_cbct,091_cbct.nii.gz,/home/vlab/Documents/Collections/Dental/Xiang_li/091/091_cbct/091_cbct.nii.gz,Xiang_li_091_cbct
Xiang_li,092/092_cbct,092_cbct.nii.gz,/home/vlab/Documents/Collections/Dental/Xiang_li/092/092_cbct/092_cbct.nii.gz,Xiang_li_092_cbct
Xiang_li,093/093_cbct,093_cbct.nii.gz,/home/vlab/Documents/Collections/Dental/Xiang_li/093/093_cbct/093_cbct.nii.gz,Xiang_li_093_cbct
Xiang_li,094/094_cbct,094_cbct.nii.gz,/home/vlab/Documents/Collections/Dental/Xiang_li/094/094_cbct/094_cbct.nii.gz,Xiang_li_094_cbct
Xiang_li,095/095_cbct,095_cbct.nii.gz,/home/vlab/Documents/Collections/Dental/Xiang_li/095/095_cbct/095_cbct.nii.gz,Xiang_li_095_cbct
Xiang_li,096/096_cbct,096_cbct.nii.gz,/home/vlab/Documents/Collections/Dental/Xiang_li/096/096_cbct/096_cbct.nii.gz,Xiang_li_096_cbct
Xiang_li,097/097_cbct,097_cbct.nii.gz,/home/vlab/Documents/Collections/Dental/Xiang_li/097/097_cbct/097_cbct.nii.gz,Xiang_li_097_cbct
Xiang_li,098/098_cbct,098_cbct.nii.gz,/home/vlab/Documents/Collections/Dental/Xiang_li/098/098_cbct/098_cbct.nii.gz,Xiang_li_098_cbct
Xiang_li,099/099_cbct,099_cbct.nii.gz,/home/vlab/Documents/Collections/Dental/Xiang_li/099/099_cbct/099_cbct.nii.gz,Xiang_li_099_cbct
Xiang_li,100/100_cbct,100_cbct.nii.gz,/home/vlab/Documents/Collections/Dental/Xiang_li/100/100_cbct/100_cbct.nii.gz,Xiang_li_100_cbct
Xiang_li,101/101_cbct,101_cbct.nii.gz,/home/vlab/Documents/Collections/Dental/Xiang_li/101/101_cbct/101_cbct.nii.gz,Xiang_li_101_cbct
Xiang_li,102/102_cbct,102_cbct.nii.gz,/home/vlab/Documents/Collections/Dental/Xiang_li/102/102_cbct/102_cbct.nii.gz,Xiang_li_102_cbct
Xiang_li,103/103_cbct,103_cbct.nii.gz,/home/vlab/Documents/Collections/Dental/Xiang_li/103/103_cbct/103_cbct.nii.gz,Xiang_li_103_cbct
Xiang_li,104/104_cbct,104_cbct.nii.gz,/home/vlab/Documents/Collections/Dental/Xiang_li/104/104_cbct/104_cbct.nii.gz,Xiang_li_104_cbct
Xiang_li,105/105_cbct,105_cbct.nii.gz,/home/vlab/Documents/Collections/Dental/Xiang_li/105/105_cbct/105_cbct.nii.gz,Xiang_li_105_cbct
Xiang_li,106/106_cbct,106_cbct.nii.gz,/home/vlab/Documents/Collections/Dental/Xiang_li/106/106_cbct/106_cbct.nii.gz,Xiang_li_106_cbct
Xiang_li,107/107_cbct,107_cbct.nii.gz,/home/vlab/Documents/Collections/Dental/Xiang_li/107/107_cbct/107_cbct.nii.gz,Xiang_li_107_cbct
Xiang_li,108/108_cbct,108_cbct.nii.gz,/home/vlab/Documents/Collections/Dental/Xiang_li/108/108_cbct/108_cbct.nii.gz,Xiang_li_108_cbct
Xiang_li,109/109_cbct,109_cbct.nii.gz,/home/vlab/Documents/Collections/Dental/Xiang_li/109/109_cbct/109_cbct.nii.gz,Xiang_li_109_cbct
Xiang_li,110/110_cbct,110_cbct.nii.gz,/home/vlab/Documents/Collections/Dental/Xiang_li/110/110_cbct/110_cbct.nii.gz,Xiang_li_110_cbct
Xiang_li,111/111_cbct,111_cbct.nii.gz,/home/vlab/Documents/Collections/Dental/Xiang_li/111/111_cbct/111_cbct.nii.gz,Xiang_li_111_cbct
Xiang_li,112/112_cbct,112_cbct.nii.gz,/home/vlab/Documents/Collections/Dental/Xiang_li/112/112_cbct/112_cbct.nii.gz,Xiang_li_112_cbct
Xiang_li,113/113_cbct,113_cbct.nii.gz,/home/vlab/Documents/Collections/Dental/Xiang_li/113/113_cbct/113_cbct.nii.gz,Xiang_li_113_cbct
Xiang_li,114/114_cbct,114_cbct.nii.gz,/home/vlab/Documents/Collections/Dental/Xiang_li/114/114_cbct/114_cbct.nii.gz,Xiang_li_114_cbct
Xiang_li,115/115_cbct,115_cbct.nii.gz,/home/vlab/Documents/Collections/Dental/Xiang_li/115/115_cbct/115_cbct.nii.gz,Xiang_li_115_cbct
Xiang_li,116/116_cbct,116_cbct.nii.gz,/home/vlab/Documents/Collections/Dental/Xiang_li/116/116_cbct/116_cbct.nii.gz,Xiang_li_116_cbct
Xiang_li,117/117_cbct,117_cbct.nii.gz,/home/vlab/Documents/Collections/Dental/Xiang_li/117/117_cbct/117_cbct.nii.gz,Xiang_li_117_cbct
Xiang_li,118/118_cbct,118_cbct.nii.gz,/home/vlab/Documents/Collections/Dental/Xiang_li/118/118_cbct/118_cbct.nii.gz,Xiang_li_118_cbct
Xiang_li,119/119_cbct,119_cbct.nii.gz,/home/vlab/Documents/Collections/Dental/Xiang_li/119/119_cbct/119_cbct.nii.gz,Xiang_li_119_cbct
Xiang_li,120/120_cbct,120_cbct.nii.gz,/home/vlab/Documents/Collections/Dental/Xiang_li/120/120_cbct/120_cbct.nii.gz,Xiang_li_120_cbct
Xiang_li,121/121_cbct,121_cbct.nii.gz,/home/vlab/Documents/Collections/Dental/Xiang_li/121/121_cbct/121_cbct.nii.gz,Xiang_li_121_cbct
Xiang_li,122/122_cbct,122_cbct.nii.gz,/home/vlab/Documents/Collections/Dental/Xiang_li/122/122_cbct/122_cbct.nii.gz,Xiang_li_122_cbct
Xiang_li,123/123_cbct,123_cbct.nii.gz,/home/vlab/Documents/Collections/Dental/Xiang_li/123/123_cbct/123_cbct.nii.gz,Xiang_li_123_cbct
Xiang_li,124/124_cbct,124_cbct.nii.gz,/home/vlab/Documents/Collections/Dental/Xiang_li/124/124_cbct/124_cbct.nii.gz,Xiang_li_124_cbct
Xiang_li,125/125_cbct,125_cbct.nii.gz,/home/vlab/Documents/Collections/Dental/Xiang_li/125/125_cbct/125_cbct.nii.gz,Xiang_li_125_cbct
Xiang_li,126/126_cbct,126_cbct.nii.gz,/home/vlab/Documents/Collections/Dental/Xiang_li/126/126_cbct/126_cbct.nii.gz,Xiang_li_126_cbct
Xiang_li,127/127_cbct,127_cbct.nii.gz,/home/vlab/Documents/Collections/Dental/Xiang_li/127/127_cbct/127_cbct.nii.gz,Xiang_li_127_cbct
Xiang_li,128/128_cbct,128_cbct.nii.gz,/home/vlab/Documents/Collections/Dental/Xiang_li/128/128_cbct/128_cbct.nii.gz,Xiang_li_128_cbct
Xiang_li,129/129_cbct,129_cbct.nii.gz,/home/vlab/Documents/Collections/Dental/Xiang_li/129/129_cbct/129_cbct.nii.gz,Xiang_li_129_cbct
Xiang_li,130/130_cbct,130_cbct.nii.gz,/home/vlab/Documents/Collections/Dental/Xiang_li/130/130_cbct/130_cbct.nii.gz,Xiang_li_130_cbct
Xiang_li,131/131_cbct,131_cbct.nii.gz,/home/vlab/Documents/Collections/Dental/Xiang_li/131/131_cbct/131_cbct.nii.gz,Xiang_li_131_cbct
Xiang_li,132/132_cbct,132_cbct.nii.gz,/home/vlab/Documents/Collections/Dental/Xiang_li/132/132_cbct/132_cbct.nii.gz,Xiang_li_132_cbct
Xiang_li,133/133_cbct,133_cbct.nii.gz,/home/vlab/Documents/Collections/Dental/Xiang_li/133/133_cbct/133_cbct.nii.gz,Xiang_li_133_cbct
Xiang_li,134/134_cbct,134_cbct.nii.gz,/home/vlab/Documents/Collections/Dental/Xiang_li/134/134_cbct/134_cbct.nii.gz,Xiang_li_134_cbct
Xiang_li,136/136_cbct,136_cbct.nii.gz,/home/vlab/Documents/Collections/Dental/Xiang_li/136/136_cbct/136_cbct.nii.gz,Xiang_li_136_cbct
Xiang_li,137/137_cbct,137_cbct.nii.gz,/home/vlab/Documents/Collections/Dental/Xiang_li/137/137_cbct/137_cbct.nii.gz,Xiang_li_137_cbct
Xiang_li,138/138_cbct,138_cbct.nii.gz,/home/vlab/Documents/Collections/Dental/Xiang_li/138/138_cbct/138_cbct.nii.gz,Xiang_li_138_cbct
Xiang_li,139/139_cbct,139_cbct.nii.gz,/home/vlab/Documents/Collections/Dental/Xiang_li/139/139_cbct/139_cbct.nii.gz,Xiang_li_139_cbct
Xiang_li,140/140_cbct,140_cbct.nii.gz,/home/vlab/Documents/Collections/Dental/Xiang_li/140/140_cbct/140_cbct.nii.gz,Xiang_li_140_cbct
Xiang_li,141/141_cbct,141_cbct.nii.gz,/home/vlab/Documents/Collections/Dental/Xiang_li/141/141_cbct/141_cbct.nii.gz,Xiang_li_141_cbct
Xiang_li,142/142_cbct,142_cbct.nii.gz,/home/vlab/Documents/Collections/Dental/Xiang_li/142/142_cbct/142_cbct.nii.gz,Xiang_li_142_cbct
Xiang_li,143/143_cbct,143_cbct.nii.gz,/home/vlab/Documents/Collections/Dental/Xiang_li/143/143_cbct/143_cbct.nii.gz,Xiang_li_143_cbct
Xiang_li,144/144_cbct,144_cbct.nii.gz,/home/vlab/Documents/Collections/Dental/Xiang_li/144/144_cbct/144_cbct.nii.gz,Xiang_li_144_cbct
Xiang_li,145/145_cbct,145_cbct.nii.gz,/home/vlab/Documents/Collections/Dental/Xiang_li/145/145_cbct/145_cbct.nii.gz,Xiang_li_145_cbct
Xiang_li,146/146_cbct,146_cbct.nii.gz,/home/vlab/Documents/Collections/Dental/Xiang_li/146/146_cbct/146_cbct.nii.gz,Xiang_li_146_cbct
Xiang_li,147/147_cbct,147_cbct.nii.gz,/home/vlab/Documents/Collections/Dental/Xiang_li/147/147_cbct/147_cbct.nii.gz,Xiang_li_147_cbct
Xiang_li,148/148_cbct,148_cbct.nii.gz,/home/vlab/Documents/Collections/Dental/Xiang_li/148/148_cbct/148_cbct.nii.gz,Xiang_li_148_cbct
Xiang_li,149/149_cbct,149_cbct.nii.gz,/home/vlab/Documents/Collections/Dental/Xiang_li/149/149_cbct/149_cbct.nii.gz,Xiang_li_149_cbct
Xiang_li,150/150_cbct,150_cbct.nii.gz,/home/vlab/Documents/Collections/Dental/Xiang_li/150/150_cbct/150_cbct.nii.gz,Xiang_li_150_cbct
Xiang_li,151/151_cbct,151_cbct.nii.gz,/home/vlab/Documents/Collections/Dental/Xiang_li/151/151_cbct/151_cbct.nii.gz,Xiang_li_151_cbct
Xiang_li,152/152_cbct,152_cbct.nii.gz,/home/vlab/Documents/Collections/Dental/Xiang_li/152/152_cbct/152_cbct.nii.gz,Xiang_li_152_cbct
Xiang_li,153/153_cbct,153_cbct.nii.gz,/home/vlab/Documents/Collections/Dental/Xiang_li/153/153_cbct/153_cbct.nii.gz,Xiang_li_153_cbct
Xiang_li,154/154_cbct,154_cbct.nii.gz,/home/vlab/Documents/Collections/Dental/Xiang_li/154/154_cbct/154_cbct.nii.gz,Xiang_li_154_cbct
Xiang_li,155/155_cbct,155_cbct.nii.gz,/home/vlab/Documents/Collections/Dental/Xiang_li/155/155_cbct/155_cbct.nii.gz,Xiang_li_155_cbct
Xiang_li,156/156_cbct,156_cbct.nii.gz,/home/vlab/Documents/Collections/Dental/Xiang_li/156/156_cbct/156_cbct.nii.gz,Xiang_li_156_cbct
Xiang_li,157/157_cbct,157_cbct.nii.gz,/home/vlab/Documents/Collections/Dental/Xiang_li/157/157_cbct/157_cbct.nii.gz,Xiang_li_157_cbct
Xiang_li,158/158_cbct,158_cbct.nii.gz,/home/vlab/Documents/Collections/Dental/Xiang_li/158/158_cbct/158_cbct.nii.gz,Xiang_li_158_cbct
Xiang_li,159/159_cbct,159_cbct.nii.gz,/home/vlab/Documents/Collections/Dental/Xiang_li/159/159_cbct/159_cbct.nii.gz,Xiang_li_159_cbct
Xiang_li,160/160_cbct,160_cbct.nii.gz,/home/vlab/Documents/Collections/Dental/Xiang_li/160/160_cbct/160_cbct.nii.gz,Xiang_li_160_cbct
Xiang_li,161/161_cbct,161_cbct.nii.gz,/home/vlab/Documents/Collections/Dental/Xiang_li/161/161_cbct/161_cbct.nii.gz,Xiang_li_161_cbct
Xiang_li,163/163_cbct,163_cbct.nii.gz,/home/vlab/Documents/Collections/Dental/Xiang_li/163/163_cbct/163_cbct.nii.gz,Xiang_li_163_cbct
Xiang_li,164/164_cbct,164_cbct.nii.gz,/home/vlab/Documents/Collections/Dental/Xiang_li/164/164_cbct/164_cbct.nii.gz,Xiang_li_164_cbct
Xiang_li,165/165_cbct,165_cbct.nii.gz,/home/vlab/Documents/Collections/Dental/Xiang_li/165/165_cbct/165_cbct.nii.gz,Xiang_li_165_cbct
Xiang_li,166/166_cbct,166_cbct.nii.gz,/home/vlab/Documents/Collections/Dental/Xiang_li/166/166_cbct/166_cbct.nii.gz,Xiang_li_166_cbct
Xiang_li,167/167_cbct,167_cbct.nii.gz,/home/vlab/Documents/Collections/Dental/Xiang_li/167/167_cbct/167_cbct.nii.gz,Xiang_li_167_cbct
Xiang_li,168/168_cbct,168_cbct.nii.gz,/home/vlab/Documents/Collections/Dental/Xiang_li/168/168_cbct/168_cbct.nii.gz,Xiang_li_168_cbct
Xiang_li,169/169_cbct,169_cbct.nii.gz,/home/vlab/Documents/Collections/Dental/Xiang_li/169/169_cbct/169_cbct.nii.gz,Xiang_li_169_cbct
Xiang_li,170/170_cbct,170_cbct.nii.gz,/home/vlab/Documents/Collections/Dental/Xiang_li/170/170_cbct/170_cbct.nii.gz,Xiang_li_170_cbct
Xiang_li,172/172_cbct,172_cbct.nii.gz,/home/vlab/Documents/Collections/Dental/Xiang_li/172/172_cbct/172_cbct.nii.gz,Xiang_li_172_cbct
Xiang_li,173/173_cbct,173_cbct.nii.gz,/home/vlab/Documents/Collections/Dental/Xiang_li/173/173_cbct/173_cbct.nii.gz,Xiang_li_173_cbct
Xiang_li,174/174_cbct,174_cbct.nii.gz,/home/vlab/Documents/Collections/Dental/Xiang_li/174/174_cbct/174_cbct.nii.gz,Xiang_li_174_cbct
Xiang_li,175/175_cbct,175_cbct.nii.gz,/home/vlab/Documents/Collections/Dental/Xiang_li/175/175_cbct/175_cbct.nii.gz,Xiang_li_175_cbct
Xiang_li,176/176_cbct,176_cbct.nii.gz,/home/vlab/Documents/Collections/Dental/Xiang_li/176/176_cbct/176_cbct.nii.gz,Xiang_li_176_cbct
Xiang_li,177/177_cbct,177_cbct.nii.gz,/home/vlab/Documents/Collections/Dental/Xiang_li/177/177_cbct/177_cbct.nii.gz,Xiang_li_177_cbct
Xiang_li,178/178_cbct,178_cbct.nii.gz,/home/vlab/Documents/Collections/Dental/Xiang_li/178/178_cbct/178_cbct.nii.gz,Xiang_li_178_cbct
Xiang_li,179/179_cbct,179_cbct.nii.gz,/home/vlab/Documents/Collections/Dental/Xiang_li/179/179_cbct/179_cbct.nii.gz,Xiang_li_179_cbct
Xiang_li,180/180_cbct,180_cbct.nii.gz,/home/vlab/Documents/Collections/Dental/Xiang_li/180/180_cbct/180_cbct.nii.gz,Xiang_li_180_cbct
Xiang_li,181/181_cbct,181_cbct.nii.gz,/home/vlab/Documents/Collections/Dental/Xiang_li/181/181_cbct/181_cbct.nii.gz,Xiang_li_181_cbct
Xiang_li,182/182_cbct,182_cbct.nii.gz,/home/vlab/Documents/Collections/Dental/Xiang_li/182/182_cbct/182_cbct.nii.gz,Xiang_li_182_cbct
Xiang_li,183/183_cbct,183_cbct.nii.gz,/home/vlab/Documents/Collections/Dental/Xiang_li/183/183_cbct/183_cbct.nii.gz,Xiang_li_183_cbct
Xiang_li,184/184_cbct,184_cbct.nii.gz,/home/vlab/Documents/Collections/Dental/Xiang_li/184/184_cbct/184_cbct.nii.gz,Xiang_li_184_cbct
Xiang_li,185/185_cbct,185_cbct.nii.gz,/home/vlab/Documents/Collections/Dental/Xiang_li/185/185_cbct/185_cbct.nii.gz,Xiang_li_185_cbct
Xiang_li,186/186_cbct,186_cbct.nii.gz,/home/vlab/Documents/Collections/Dental/Xiang_li/186/186_cbct/186_cbct.nii.gz,Xiang_li_186_cbct
Xiang_li,187/187_cbct,187_cbct.nii.gz,/home/vlab/Documents/Collections/Dental/Xiang_li/187/187_cbct/187_cbct.nii.gz,Xiang_li_187_cbct
Xiang_li,188/188_cbct,188_cbct.nii.gz,/home/vlab/Documents/Collections/Dental/Xiang_li/188/188_cbct/188_cbct.nii.gz,Xiang_li_188_cbct
Xiang_li,189/189_cbct,189_cbct.nii.gz,/home/vlab/Documents/Collections/Dental/Xiang_li/189/189_cbct/189_cbct.nii.gz,Xiang_li_189_cbct
Xiang_li,190/190_cbct,190_cbct.nii.gz,/home/vlab/Documents/Collections/Dental/Xiang_li/190/190_cbct/190_cbct.nii.gz,Xiang_li_190_cbct
Xiang_li,191/191_cbct,191_cbct.nii.gz,/home/vlab/Documents/Collections/Dental/Xiang_li/191/191_cbct/191_cbct.nii.gz,Xiang_li_191_cbct
Xiang_li,192/192_cbct,192_cbct.nii.gz,/home/vlab/Documents/Collections/Dental/Xiang_li/192/192_cbct/192_cbct.nii.gz,Xiang_li_192_cbct
Xiang_li,193/193_cbct,193_cbct.nii.gz,/home/vlab/Documents/Collections/Dental/Xiang_li/193/193_cbct/193_cbct.nii.gz,Xiang_li_193_cbct
Xiang_li,194/194_cbct,194_cbct.nii.gz,/home/vlab/Documents/Collections/Dental/Xiang_li/194/194_cbct/194_cbct.nii.gz,Xiang_li_194_cbct
Xiang_li,195/195_cbct,195_cbct.nii.gz,/home/vlab/Documents/Collections/Dental/Xiang_li/195/195_cbct/195_cbct.nii.gz,Xiang_li_195_cbct
Xiang_li,196/196_cbct,196_cbct.nii.gz,/home/vlab/Documents/Collections/Dental/Xiang_li/196/196_cbct/196_cbct.nii.gz,Xiang_li_196_cbct
Xiang_li,197/197_cbct,197_cbct.nii.gz,/home/vlab/Documents/Collections/Dental/Xiang_li/197/197_cbct/197_cbct.nii.gz,Xiang_li_197_cbct
Xiang_li,198/198_cbct,198_cbct.nii.gz,/home/vlab/Documents/Collections/Dental/Xiang_li/198/198_cbct/198_cbct.nii.gz,Xiang_li_198_cbct
Xiang_li,199/199_cbct,199_cbct.nii.gz,/home/vlab/Documents/Collections/Dental/Xiang_li/199/199_cbct/199_cbct.nii.gz,Xiang_li_199_cbct
Xiang_li,200/200_cbct,200_cbct.nii.gz,/home/vlab/Documents/Collections/Dental/Xiang_li/200/200_cbct/200_cbct.nii.gz,Xiang_li_200_cbct
Xiang_li,201/201_cbct,201_cbct.nii.gz,/home/vlab/Documents/Collections/Dental/Xiang_li/201/201_cbct/201_cbct.nii.gz,Xiang_li_201_cbct
Xiang_li,202/202_cbct,202_cbct.nii.gz,/home/vlab/Documents/Collections/Dental/Xiang_li/202/202_cbct/202_cbct.nii.gz,Xiang_li_202_cbct
Xiang_li,203/203_cbct,203_cbct.nii.gz,/home/vlab/Documents/Collections/Dental/Xiang_li/203/203_cbct/203_cbct.nii.gz,Xiang_li_203_cbct
Xiang_li,204/204_cbct,204_cbct.nii.gz,/home/vlab/Documents/Collections/Dental/Xiang_li/204/204_cbct/204_cbct.nii.gz,Xiang_li_204_cbct
Xiang_li,205/205_cbct,205_cbct.nii.gz,/home/vlab/Documents/Collections/Dental/Xiang_li/205/205_cbct/205_cbct.nii.gz,Xiang_li_205_cbct
Xiang_li,206/206_cbct,206_cbct.nii.gz,/home/vlab/Documents/Collections/Dental/Xiang_li/206/206_cbct/206_cbct.nii.gz,Xiang_li_206_cbct
Xiang_li,207/207_cbct,207_cbct.nii.gz,/home/vlab/Documents/Collections/Dental/Xiang_li/207/207_cbct/207_cbct.nii.gz,Xiang_li_207_cbct
Xiang_li,208/208_cbct,208_cbct.nii.gz,/home/vlab/Documents/Collections/Dental/Xiang_li/208/208_cbct/208_cbct.nii.gz,Xiang_li_208_cbct
Xiang_li,209/209_cbct,209_cbct.nii.gz,/home/vlab/Documents/Collections/Dental/Xiang_li/209/209_cbct/209_cbct.nii.gz,Xiang_li_209_cbct
Xiang_li,210/210_cbct,210_cbct.nii.gz,/home/vlab/Documents/Collections/Dental/Xiang_li/210/210_cbct/210_cbct.nii.gz,Xiang_li_210_cbct
Xiang_li,211/211_cbct,211_cbct.nii.gz,/home/vlab/Documents/Collections/Dental/Xiang_li/211/211_cbct/211_cbct.nii.gz,Xiang_li_211_cbct
Xiang_li,212/212_cbct,212_cbct.nii.gz,/home/vlab/Documents/Collections/Dental/Xiang_li/212/212_cbct/212_cbct.nii.gz,Xiang_li_212_cbct
Xiang_li,213/213_cbct,213_cbct.nii.gz,/home/vlab/Documents/Collections/Dental/Xiang_li/213/213_cbct/213_cbct.nii.gz,Xiang_li_213_cbct
Xiang_li,214/214_cbct,214_cbct.nii.gz,/home/vlab/Documents/Collections/Dental/Xiang_li/214/214_cbct/214_cbct.nii.gz,Xiang_li_214_cbct
Xiang_li,215/215_cbct,215_cbct.nii.gz,/home/vlab/Documents/Collections/Dental/Xiang_li/215/215_cbct/215_cbct.nii.gz,Xiang_li_215_cbct
Xiang_li,216/216_cbct,216_cbct.nii.gz,/home/vlab/Documents/Collections/Dental/Xiang_li/216/216_cbct/216_cbct.nii.gz,Xiang_li_216_cbct
Xiang_li,217/217_cbct,217_cbct.nii.gz,/home/vlab/Documents/Collections/Dental/Xiang_li/217/217_cbct/217_cbct.nii.gz,Xiang_li_217_cbct
Xiang_li,218/218_cbct,218_cbct.nii.gz,/home/vlab/Documents/Collections/Dental/Xiang_li/218/218_cbct/218_cbct.nii.gz,Xiang_li_218_cbct
Xiang_li,219/219_cbct,219_cbct.nii.gz,/home/vlab/Documents/Collections/Dental/Xiang_li/219/219_cbct/219_cbct.nii.gz,Xiang_li_219_cbct
Xiang_li,220/220_cbct,220_cbct.nii.gz,/home/vlab/Documents/Collections/Dental/Xiang_li/220/220_cbct/220_cbct.nii.gz,Xiang_li_220_cbct
Xiang_li,222/222_cbct,222_cbct.nii.gz,/home/vlab/Documents/Collections/Dental/Xiang_li/222/222_cbct/222_cbct.nii.gz,Xiang_li_222_cbct
Xiang_li,223/223_cbct,223_cbct.nii.gz,/home/vlab/Documents/Collections/Dental/Xiang_li/223/223_cbct/223_cbct.nii.gz,Xiang_li_223_cbct
Xiang_li,224/224_cbct,224_cbct.nii.gz,/home/vlab/Documents/Collections/Dental/Xiang_li/224/224_cbct/224_cbct.nii.gz,Xiang_li_224_cbct
Xiang_li,225/225_cbct,225_cbct.nii.gz,/home/vlab/Documents/Collections/Dental/Xiang_li/225/225_cbct/225_cbct.nii.gz,Xiang_li_225_cbct
Xiang_li,226/226_cbct,226_cbct.nii.gz,/home/vlab/Documents/Collections/Dental/Xiang_li/226/226_cbct/226_cbct.nii.gz,Xiang_li_226_cbct
Xiang_li,227/227_cbct,227_cbct.nii.gz,/home/vlab/Documents/Collections/Dental/Xiang_li/227/227_cbct/227_cbct.nii.gz,Xiang_li_227_cbct
Xiang_li,228/228_cbct,228_cbct.nii.gz,/home/vlab/Documents/Collections/Dental/Xiang_li/228/228_cbct/228_cbct.nii.gz,Xiang_li_228_cbct
Xiang_li,229/229_cbct,229_cbct.nii.gz,/home/vlab/Documents/Collections/Dental/Xiang_li/229/229_cbct/229_cbct.nii.gz,Xiang_li_229_cbct
Xiang_li,230/230_cbct,230_cbct.nii.gz,/home/vlab/Documents/Collections/Dental/Xiang_li/230/230_cbct/230_cbct.nii.gz,Xiang_li_230_cbct
Xiang_li,231/231_cbct,231_cbct.nii.gz,/home/vlab/Documents/Collections/Dental/Xiang_li/231/231_cbct/231_cbct.nii.gz,Xiang_li_231_cbct
Xiang_li,232/232_cbct,232_cbct.nii.gz,/home/vlab/Documents/Collections/Dental/Xiang_li/232/232_cbct/232_cbct.nii.gz,Xiang_li_232_cbct
Xiang_li,233/233_cbct,233_cbct.nii.gz,/home/vlab/Documents/Collections/Dental/Xiang_li/233/233_cbct/233_cbct.nii.gz,Xiang_li_233_cbct
Xiang_li,234/234_cbct,234_cbct.nii.gz,/home/vlab/Documents/Collections/Dental/Xiang_li/234/234_cbct/234_cbct.nii.gz,Xiang_li_234_cbct
Xiang_li,235/235_cbct,235_cbct.nii.gz,/home/vlab/Documents/Collections/Dental/Xiang_li/235/235_cbct/235_cbct.nii.gz,Xiang_li_235_cbct
Xiang_li,236/236_cbct,236_cbct.nii.gz,/home/vlab/Documents/Collections/Dental/Xiang_li/236/236_cbct/236_cbct.nii.gz,Xiang_li_236_cbct
Xiang_li,238/238_cbct,238_cbct.nii.gz,/home/vlab/Documents/Collections/Dental/Xiang_li/238/238_cbct/238_cbct.nii.gz,Xiang_li_238_cbct
Xiang_li,239/239_cbct,239_cbct.nii.gz,/home/vlab/Documents/Collections/Dental/Xiang_li/239/239_cbct/239_cbct.nii.gz,Xiang_li_239_cbct
Xiang_li,240/240_cbct,240_cbct.nii.gz,/home/vlab/Documents/Collections/Dental/Xiang_li/240/240_cbct/240_cbct.nii.gz,Xiang_li_240_cbct
Xiang_li,241/241_cbct,241_cbct.nii.gz,/home/vlab/Documents/Collections/Dental/Xiang_li/241/241_cbct/241_cbct.nii.gz,Xiang_li_241_cbct
Xiang_li,242/242_cbct,242_cbct.nii.gz,/home/vlab/Documents/Collections/Dental/Xiang_li/242/242_cbct/242_cbct.nii.gz,Xiang_li_242_cbct
Xiang_li,243/243_cbct,243_cbct.nii.gz,/home/vlab/Documents/Collections/Dental/Xiang_li/243/243_cbct/243_cbct.nii.gz,Xiang_li_243_cbct
Xiang_li,244/244_cbct,244_cbct.nii.gz,/home/vlab/Documents/Collections/Dental/Xiang_li/244/244_cbct/244_cbct.nii.gz,Xiang_li_244_cbct
Xiang_li,245/245_cbct,245_cbct.nii.gz,/home/vlab/Documents/Collections/Dental/Xiang_li/245/245_cbct/245_cbct.nii.gz,Xiang_li_245_cbct
Xiang_li,246/246_cbct,246_cbct.nii.gz,/home/vlab/Documents/Collections/Dental/Xiang_li/246/246_cbct/246_cbct.nii.gz,Xiang_li_246_cbct
Xiang_li,247/247_cbct,247_cbct.nii.gz,/home/vlab/Documents/Collections/Dental/Xiang_li/247/247_cbct/247_cbct.nii.gz,Xiang_li_247_cbct
Xiang_li,248/248_cbct,248_cbct.nii.gz,/home/vlab/Documents/Collections/Dental/Xiang_li/248/248_cbct/248_cbct.nii.gz,Xiang_li_248_cbct
Xiang_li,249/249_cbct,249_cbct.nii.gz,/home/vlab/Documents/Collections/Dental/Xiang_li/249/249_cbct/249_cbct.nii.gz,Xiang_li_249_cbct
Xiang_li,250/250_cbct,250_cbct.nii.gz,/home/vlab/Documents/Collections/Dental/Xiang_li/250/250_cbct/250_cbct.nii.gz,Xiang_li_250_cbct
Xiang_li,251/251_cbct,251_cbct.nii.gz,/home/vlab/Documents/Collections/Dental/Xiang_li/251/251_cbct/251_cbct.nii.gz,Xiang_li_251_cbct
Xiang_li,252/252_cbct,252_cbct.nii.gz,/home/vlab/Documents/Collections/Dental/Xiang_li/252/252_cbct/252_cbct.nii.gz,Xiang_li_252_cbct
Xiang_li,253/253_cbct,253_cbct.nii.gz,/home/vlab/Documents/Collections/Dental/Xiang_li/253/253_cbct/253_cbct.nii.gz,Xiang_li_253_cbct
Xiang_li,254/254_cbct,254_cbct.nii.gz,/home/vlab/Documents/Collections/Dental/Xiang_li/254/254_cbct/254_cbct.nii.gz,Xiang_li_254_cbct
Xiang_li,255/255_cbct,255_cbct.nii.gz,/home/vlab/Documents/Collections/Dental/Xiang_li/255/255_cbct/255_cbct.nii.gz,Xiang_li_255_cbct
Xiang_li,256/256_cbct,256_cbct.nii.gz,/home/vlab/Documents/Collections/Dental/Xiang_li/256/256_cbct/256_cbct.nii.gz,Xiang_li_256_cbct
Xiang_li,257/257_cbct,257_cbct.nii.gz,/home/vlab/Documents/Collections/Dental/Xiang_li/257/257_cbct/257_cbct.nii.gz,Xiang_li_257_cbct
Xiang_li,258/258_cbct,258_cbct.nii.gz,/home/vlab/Documents/Collections/Dental/Xiang_li/258/258_cbct/258_cbct.nii.gz,Xiang_li_258_cbct
Xiang_li,259/259_cbct,259_cbct.nii.gz,/home/vlab/Documents/Collections/Dental/Xiang_li/259/259_cbct/259_cbct.nii.gz,Xiang_li_259_cbct
Xiang_li,260/260_cbct,260_cbct.nii.gz,/home/vlab/Documents/Collections/Dental/Xiang_li/260/260_cbct/260_cbct.nii.gz,Xiang_li_260_cbct
Xiang_li,261/261_cbct,261_cbct.nii.gz,/home/vlab/Documents/Collections/Dental/Xiang_li/261/261_cbct/261_cbct.nii.gz,Xiang_li_261_cbct
Xiang_li,262/262_cbct,262_cbct.nii.gz,/home/vlab/Documents/Collections/Dental/Xiang_li/262/262_cbct/262_cbct.nii.gz,Xiang_li_262_cbct
Xiang_li,263/263_cbct,263_cbct.nii.gz,/home/vlab/Documents/Collections/Dental/Xiang_li/263/263_cbct/263_cbct.nii.gz,Xiang_li_263_cbct
Xiang_li,264/264_cbct,264_cbct.nii.gz,/home/vlab/Documents/Collections/Dental/Xiang_li/264/264_cbct/264_cbct.nii.gz,Xiang_li_264_cbct
Xiang_li,265/265_cbct,265_cbct.nii.gz,/home/vlab/Documents/Collections/Dental/Xiang_li/265/265_cbct/265_cbct.nii.gz,Xiang_li_265_cbct
Xiang_li,266/266_cbct,266_cbct.nii.gz,/home/vlab/Documents/Collections/Dental/Xiang_li/266/266_cbct/266_cbct.nii.gz,Xiang_li_266_cbct
Xiang_li,267/267_cbct,267_cbct.nii.gz,/home/vlab/Documents/Collections/Dental/Xiang_li/267/267_cbct/267_cbct.nii.gz,Xiang_li_267_cbct
Xiang_li,268/268_cbct,268_cbct.nii.gz,/home/vlab/Documents/Collections/Dental/Xiang_li/268/268_cbct/268_cbct.nii.gz,Xiang_li_268_cbct
Xiang_li,269/269_cbct,269_cbct.nii.gz,/home/vlab/Documents/Collections/Dental/Xiang_li/269/269_cbct/269_cbct.nii.gz,Xiang_li_269_cbct
Xiang_li,270/270_cbct,270_cbct.nii.gz,/home/vlab/Documents/Collections/Dental/Xiang_li/270/270_cbct/270_cbct.nii.gz,Xiang_li_270_cbct
Xiang_li,271/271_cbct,271_cbct.nii.gz,/home/vlab/Documents/Collections/Dental/Xiang_li/271/271_cbct/271_cbct.nii.gz,Xiang_li_271_cbct
Xiang_li,272/272_cbct,272_cbct.nii.gz,/home/vlab/Documents/Collections/Dental/Xiang_li/272/272_cbct/272_cbct.nii.gz,Xiang_li_272_cbct
Xiang_li,273/273_cbct,273_cbct.nii.gz,/home/vlab/Documents/Collections/Dental/Xiang_li/273/273_cbct/273_cbct.nii.gz,Xiang_li_273_cbct
Xiang_li,274/274_cbct,274_cbct.nii.gz,/home/vlab/Documents/Collections/Dental/Xiang_li/274/274_cbct/274_cbct.nii.gz,Xiang_li_274_cbct
Xiang_li,275/275_cbct,275_cbct.nii.gz,/home/vlab/Documents/Collections/Dental/Xiang_li/275/275_cbct/275_cbct.nii.gz,Xiang_li_275_cbct
Xiang_li,276/276_cbct,276_cbct.nii.gz,/home/vlab/Documents/Collections/Dental/Xiang_li/276/276_cbct/276_cbct.nii.gz,Xiang_li_276_cbct
Xiang_li,277/277_cbct,277_cbct.nii.gz,/home/vlab/Documents/Collections/Dental/Xiang_li/277/277_cbct/277_cbct.nii.gz,Xiang_li_277_cbct
Xiang_li,278/278_cbct,278_cbct.nii.gz,/home/vlab/Documents/Collections/Dental/Xiang_li/278/278_cbct/278_cbct.nii.gz,Xiang_li_278_cbct
Xiang_li,279/279_cbct,279_cbct.nii.gz,/home/vlab/Documents/Collections/Dental/Xiang_li/279/279_cbct/279_cbct.nii.gz,Xiang_li_279_cbct
Xiang_li,280/280_cbct,280_cbct.nii.gz,/home/vlab/Documents/Collections/Dental/Xiang_li/280/280_cbct/280_cbct.nii.gz,Xiang_li_280_cbct
Xiang_li,281/281_cbct,281_cbct.nii.gz,/home/vlab/Documents/Collections/Dental/Xiang_li/281/281_cbct/281_cbct.nii.gz,Xiang_li_281_cbct
Xiang_li,282/282_cbct,282_cbct.nii.gz,/home/vlab/Documents/Collections/Dental/Xiang_li/282/282_cbct/282_cbct.nii.gz,Xiang_li_282_cbct
Xiang_li,283/283_cbct,283_cbct.nii.gz,/home/vlab/Documents/Collections/Dental/Xiang_li/283/283_cbct/283_cbct.nii.gz,Xiang_li_283_cbct
Xiang_li,284/284_cbct,284_cbct.nii.gz,/home/vlab/Documents/Collections/Dental/Xiang_li/284/284_cbct/284_cbct.nii.gz,Xiang_li_284_cbct
Xiang_li,285/285_cbct,285_cbct.nii.gz,/home/vlab/Documents/Collections/Dental/Xiang_li/285/285_cbct/285_cbct.nii.gz,Xiang_li_285_cbct
Xiang_li,286/286_cbct,286_cbct.nii.gz,/home/vlab/Documents/Collections/Dental/Xiang_li/286/286_cbct/286_cbct.nii.gz,Xiang_li_286_cbct
Xiang_li,287/287_cbct,287_cbct.nii.gz,/home/vlab/Documents/Collections/Dental/Xiang_li/287/287_cbct/287_cbct.nii.gz,Xiang_li_287_cbct
Xiang_li,289/289_cbct,289_cbct.nii.gz,/home/vlab/Documents/Collections/Dental/Xiang_li/289/289_cbct/289_cbct.nii.gz,Xiang_li_289_cbct
Xiang_li,290/290_cbct,290_cbct.nii.gz,/home/vlab/Documents/Collections/Dental/Xiang_li/290/290_cbct/290_cbct.nii.gz,Xiang_li_290_cbct
Xiang_li,291/291_cbct,291_cbct.nii.gz,/home/vlab/Documents/Collections/Dental/Xiang_li/291/291_cbct/291_cbct.nii.gz,Xiang_li_291_cbct
Xiang_li,292/292_cbct,292_cbct.nii.gz,/home/vlab/Documents/Collections/Dental/Xiang_li/292/292_cbct/292_cbct.nii.gz,Xiang_li_292_cbct
Xiang_li,293/293_cbct,293_cbct.nii.gz,/home/vlab/Documents/Collections/Dental/Xiang_li/293/293_cbct/293_cbct.nii.gz,Xiang_li_293_cbct
Xiang_li,294/294_cbct,294_cbct.nii.gz,/home/vlab/Documents/Collections/Dental/Xiang_li/294/294_cbct/294_cbct.nii.gz,Xiang_li_294_cbct
Xiang_li,295/295_cbct,295_cbct.nii.gz,/home/vlab/Documents/Collections/Dental/Xiang_li/295/295_cbct/295_cbct.nii.gz,Xiang_li_295_cbct
Xiang_li,296/296_cbct,296_cbct.nii.gz,/home/vlab/Documents/Collections/Dental/Xiang_li/296/296_cbct/296_cbct.nii.gz,Xiang_li_296_cbct
Xiang_li,298/298_cbct,298_cbct.nii.gz,/home/vlab/Documents/Collections/Dental/Xiang_li/298/298_cbct/298_cbct.nii.gz,Xiang_li_298_cbct
Xiang_li,299/299_cbct,299_cbct.nii.gz,/home/vlab/Documents/Collections/Dental/Xiang_li/299/299_cbct/299_cbct.nii.gz,Xiang_li_299_cbct
Xiang_li,300/300_cbct,300_cbct.nii.gz,/home/vlab/Documents/Collections/Dental/Xiang_li/300/300_cbct/300_cbct.nii.gz,Xiang_li_300_cbct
Xiang_li,010/010_cbct,010_cbct.nii.gz,/home/vlab/Documents/Collections/Dental/Xiang_li/010/010_cbct/010_cbct.nii.gz,Xiang_li_010_cbct
